type,entry_price,stop_loss,take_profit,position_size,initial_tp,entry_time,status,breakeven_applied,tp_extended,trailing_steps,exit_price,exit_time,pnl_points,pnl_currency,exit_reason
SELL,2032.56,2032.06,2022.56,20.0,2022.56,2024-01-08 09:00:00,closed,True,False,0,2022.56,2024-01-08 13:15:00,10.0,200.0,SL/TP
SELL,2031.5,2031.0,2021.5,20.0,2021.5,2024-01-08 09:45:00,closed,True,False,0,2021.5,2024-01-08 13:15:00,10.0,200.0,SL/TP
SELL,2025.65,2030.65,2015.65,20.0,2015.65,2024-01-08 13:00:00,closed,False,False,0,2030.65,2024-01-08 17:15:00,-5.0,-100.0,SL/TP
SELL,2032.53,2032.03,2022.53,20.6,2022.53,2024-01-10 14:30:00,closed,True,False,0,2022.53,2024-01-10 19:45:00,10.0,206.0,SL/TP
BUY,2055.36,2050.36,2065.36,21.01,2065.36,2024-01-12 18:15:00,closed,False,False,0,2050.36,2024-01-12 18:30:00,-5.0,-105.05000000000001,SL/TP
SELL,2036.35,2041.35,2026.35,20.8,2026.35,2024-01-16 14:00:00,closed,False,False,0,2041.35,2024-01-16 15:30:00,-5.0,-104.0,SL/TP
SELL,2041.01,2040.51,2031.01,20.8,2031.01,2024-01-16 12:45:00,closed,True,False,0,2031.01,2024-01-16 19:00:00,10.0,208.0,SL/TP
SELL,2038.09,2037.59,2028.09,20.59,2028.09,2024-01-16 16:30:00,closed,True,False,0,2028.09,2024-01-16 19:00:00,10.0,205.9,SL/TP
SELL,2025.25,2030.25,2015.25,21.42,2015.25,2024-01-16 19:45:00,closed,False,False,0,2030.25,2024-01-17 03:30:00,-5.0,-107.10000000000001,SL/TP
SELL,2028.24,2027.74,2018.24,21.42,2018.24,2024-01-16 22:15:00,closed,True,False,0,2018.24,2024-01-17 08:00:00,10.0,214.20000000000002,SL/TP
SELL,2028.24,2027.74,2018.24,21.42,2018.24,2024-01-16 22:45:00,closed,True,False,0,2018.24,2024-01-17 08:00:00,10.0,214.20000000000002,SL/TP
SELL,2018.21,2023.21,2008.21,22.06,2008.21,2024-01-17 08:00:00,closed,False,False,0,2023.21,2024-01-17 09:30:00,-5.0,-110.3,SL/TP
SELL,2018.19,2023.19,2008.19,22.06,2008.19,2024-01-17 09:00:00,closed,False,False,0,2023.19,2024-01-17 09:30:00,-5.0,-110.3,SL/TP
SELL,2003.56,2008.56,1993.56,21.62,1993.56,2024-01-17 20:00:00,closed,False,False,0,2008.56,2024-01-18 01:00:00,-5.0,-108.10000000000001,SL/TP
SELL,2006.93,2011.93,1996.93,21.62,1996.93,2024-01-17 19:45:00,closed,False,False,0,2011.93,2024-01-18 03:45:00,-5.0,-108.10000000000001,SL/TP
BUY,2035.72,2030.72,2045.72,21.19,2045.72,2024-01-19 15:00:00,closed,False,False,0,2030.72,2024-01-19 16:30:00,-5.0,-105.95,SL/TP
SELL,2021.9,2026.9,2011.9,20.98,2011.9,2024-01-22 09:45:00,closed,False,False,0,2026.9,2024-01-22 14:00:00,-5.0,-104.9,SL/TP
SELL,2019.95,2024.95,2009.95,20.77,2009.95,2024-01-22 21:00:00,closed,False,False,0,2024.95,2024-01-23 05:30:00,-5.0,-103.85,SL/TP
SELL,2020.28,2025.28,2010.28,20.77,2010.28,2024-01-22 23:00:00,closed,False,False,0,2025.28,2024-01-23 05:30:00,-5.0,-103.85,SL/TP
SELL,2021.62,2026.62,2011.62,20.77,2011.62,2024-01-22 23:45:00,closed,False,False,0,2026.62,2024-01-23 05:45:00,-5.0,-103.85,SL/TP
BUY,2029.89,2024.89,2039.89,20.15,2039.89,2024-01-23 07:15:00,closed,False,False,0,2024.89,2024-01-23 12:45:00,-5.0,-100.75,SL/TP
BUY,2032.34,2027.34,2042.34,19.94,2042.34,2024-01-24 11:30:00,closed,False,False,0,2027.34,2024-01-24 16:30:00,-5.0,-99.7,SL/TP
SELL,2029.43,2028.93,2019.43,19.74,2019.43,2024-01-24 16:30:00,closed,True,False,0,2019.43,2024-01-24 17:00:00,10.0,197.39999999999998,SL/TP
SELL,2015.33,2020.33,2005.33,20.14,2005.33,2024-01-25 20:30:00,closed,False,False,0,2020.33,2024-01-25 22:45:00,-5.0,-100.7,SL/TP
SELL,2018.67,2023.67,2008.67,19.94,2008.67,2024-01-26 19:00:00,closed,False,False,0,2023.67,2024-01-29 01:00:00,-5.0,-99.7,SL/TP
SELL,2018.67,2023.67,2008.67,19.94,2008.67,2024-01-26 19:00:00,closed,False,False,0,2023.67,2024-01-29 01:00:00,-5.0,-99.7,SL/TP
BUY,2022.9,2023.4,2032.9,19.79,2032.9,2024-01-29 04:00:00,closed,True,False,0,2032.9,2024-01-29 09:30:00,10.0,197.89999999999998,SL/TP
BUY,2049.71,2044.71,2059.71,20.19,2059.71,2024-01-31 19:45:00,closed,False,False,0,2044.71,2024-01-31 21:00:00,-5.0,-100.95,SL/TP
BUY,2046.31,2041.31,2056.31,20.19,2056.31,2024-01-31 20:45:00,closed,False,False,0,2041.31,2024-01-31 21:00:00,-5.0,-100.95,SL/TP
BUY,2048.53,2049.03,2058.53,19.78,2058.53,2024-02-01 17:00:00,closed,True,False,0,2058.53,2024-02-01 18:00:00,10.0,197.8,SL/TP
BUY,2057.49,2052.49,2067.49,20.18,2067.49,2024-02-01 20:30:00,closed,False,False,0,2052.49,2024-02-02 04:15:00,-5.0,-100.9,SL/TP
SELL,2028.88,2028.38,2018.88,19.98,2018.88,2024-02-05 09:00:00,closed,True,False,0,2018.88,2024-02-05 15:15:00,10.0,199.8,SL/TP
SELL,2027.59,2027.09,2017.59,19.98,2017.59,2024-02-05 13:45:00,closed,True,False,0,2017.59,2024-02-05 15:15:00,10.0,199.8,SL/TP
SELL,2026.34,2025.84,2016.34,19.98,2016.34,2024-02-05 14:00:00,closed,True,False,0,2016.34,2024-02-05 15:45:00,10.0,199.8,SL/TP
SELL,2017.31,2022.31,2007.31,21.18,2007.31,2024-02-05 16:30:00,closed,False,False,0,2022.31,2024-02-05 16:45:00,-5.0,-105.9,SL/TP
SELL,2020.18,2025.18,2010.18,20.96,2010.18,2024-02-05 18:15:00,closed,False,False,0,2025.18,2024-02-05 19:30:00,-5.0,-104.80000000000001,SL/TP
SELL,2020.82,2025.82,2010.82,20.96,2010.82,2024-02-05 18:30:00,closed,False,False,0,2025.82,2024-02-05 19:45:00,-5.0,-104.80000000000001,SL/TP
SELL,2032.43,2037.43,2022.43,20.54,2022.43,2024-02-08 08:00:00,closed,False,False,0,2037.43,2024-02-08 12:15:00,-5.0,-102.69999999999999,SL/TP
SELL,2022.93,2027.93,2012.93,20.34,2012.93,2024-02-08 15:30:00,closed,False,False,0,2027.93,2024-02-08 16:15:00,-5.0,-101.7,SL/TP
SELL,1991.46,1996.46,1981.46,20.14,1981.46,2024-02-14 01:45:00,closed,False,False,0,1996.46,2024-02-15 11:45:00,-5.0,-100.7,SL/TP
SELL,1992.11,1997.11,1982.11,20.14,1982.11,2024-02-14 01:00:00,closed,False,False,0,1997.11,2024-02-15 12:30:00,-5.0,-100.7,SL/TP
SELL,1992.67,1997.67,1982.67,20.14,1982.67,2024-02-13 23:30:00,closed,False,False,0,1997.67,2024-02-15 12:45:00,-5.0,-100.7,SL/TP
BUY,2027.89,2022.89,2037.89,19.53,2037.89,2024-02-20 15:00:00,closed,False,False,0,2022.89,2024-02-21 02:00:00,-5.0,-97.65,SL/TP
BUY,2028.8,2023.8,2038.8,19.34,2038.8,2024-02-21 05:00:00,closed,False,False,0,2023.8,2024-02-21 18:00:00,-5.0,-96.7,SL/TP
BUY,2027.58,2022.58,2037.58,19.53,2037.58,2024-02-20 18:15:00,closed,False,False,0,2022.58,2024-02-21 19:00:00,-5.0,-97.65,SL/TP
BUY,2031.33,2026.33,2041.33,18.95,2041.33,2024-02-22 09:45:00,closed,False,False,0,2026.33,2024-02-22 15:15:00,-5.0,-94.75,SL/TP
SELL,2018.79,2023.79,2008.79,18.76,2008.79,2024-02-23 11:00:00,closed,False,False,0,2023.79,2024-02-23 13:15:00,-5.0,-93.80000000000001,SL/TP
BUY,2034.72,2029.72,2044.72,18.57,2044.72,2024-02-26 01:15:00,closed,False,False,0,2029.72,2024-02-26 16:00:00,-5.0,-92.85,SL/TP
BUY,2034.81,2029.81,2044.81,18.38,2044.81,2024-02-27 09:00:00,closed,False,False,0,2029.81,2024-02-27 19:30:00,-5.0,-91.89999999999999,SL/TP
BUY,2033.39,2028.39,2043.39,18.38,2043.39,2024-02-27 05:45:00,closed,False,False,0,2028.39,2024-02-28 09:15:00,-5.0,-91.89999999999999,SL/TP
BUY,2034.89,2029.89,2044.89,18.02,2044.89,2024-02-29 03:00:00,closed,False,False,0,2029.89,2024-02-29 13:30:00,-5.0,-90.1,SL/TP
BUY,2033.15,2028.15,2043.15,18.02,2043.15,2024-02-28 19:30:00,closed,False,False,0,2028.15,2024-02-29 14:15:00,-5.0,-90.1,SL/TP
BUY,2045.76,2040.76,2055.76,17.66,2055.76,2024-02-29 19:45:00,closed,False,False,0,2040.76,2024-03-01 10:30:00,-5.0,-88.3,SL/TP
BUY,2044.8,2039.8,2054.8,17.66,2054.8,2024-02-29 22:00:00,closed,False,False,0,2039.8,2024-03-01 10:30:00,-5.0,-88.3,SL/TP
BUY,2053.84,2048.84,2063.84,17.3,2063.84,2024-03-01 14:15:00,closed,False,False,0,2048.84,2024-03-01 16:45:00,-5.0,-86.5,SL/TP
BUY,2085.37,2080.37,2095.37,17.13,2095.37,2024-03-01 20:00:00,closed,False,False,0,2080.37,2024-03-04 03:30:00,-5.0,-85.64999999999999,SL/TP
BUY,2085.37,2080.37,2095.37,17.13,2095.37,2024-03-01 20:00:00,closed,False,False,0,2080.37,2024-03-04 03:30:00,-5.0,-85.64999999999999,SL/TP
BUY,2085.07,2080.07,2095.07,17.13,2095.07,2024-03-04 01:00:00,closed,False,False,0,2080.07,2024-03-04 03:30:00,-5.0,-85.64999999999999,SL/TP
BUY,2085.85,2086.35,2095.85,16.78,2095.85,2024-03-04 11:30:00,closed,True,False,0,2095.85,2024-03-04 16:15:00,10.0,167.8,SL/TP
BUY,2099.18,2099.68,2109.18,17.12,2109.18,2024-03-04 17:00:00,closed,True,False,0,2109.18,2024-03-04 17:45:00,10.0,171.20000000000002,SL/TP
BUY,2117.38,2112.38,2127.38,17.46,2127.38,2024-03-04 18:30:00,closed,False,False,0,2112.38,2024-03-05 03:15:00,-5.0,-87.30000000000001,SL/TP
BUY,2117.27,2112.27,2127.27,17.46,2127.27,2024-03-04 22:15:00,closed,False,False,0,2112.27,2024-03-05 03:15:00,-5.0,-87.30000000000001,SL/TP
BUY,2115.38,2115.88,2125.38,17.46,2125.38,2024-03-04 20:45:00,closed,True,False,0,2125.38,2024-03-05 12:00:00,10.0,174.60000000000002,SL/TP
BUY,2126.77,2121.77,2136.77,17.46,2136.77,2024-03-05 13:00:00,closed,False,False,0,2121.77,2024-03-05 14:15:00,-5.0,-87.30000000000001,SL/TP
BUY,2117.81,2118.31,2127.81,17.11,2127.81,2024-03-05 07:30:00,closed,True,False,0,2127.81,2024-03-05 15:00:00,10.0,171.1,SL/TP
BUY,2124.55,2125.05,2134.55,17.46,2134.55,2024-03-05 13:45:00,closed,True,False,0,2125.05,2024-03-05 15:30:00,0.5,8.73,SL/TP
BUY,2135.04,2130.04,2145.04,17.65,2145.04,2024-03-05 17:00:00,closed,False,False,0,2130.04,2024-03-05 17:15:00,-5.0,-88.25,SL/TP
BUY,2130.85,2125.85,2140.85,17.47,2140.85,2024-03-05 19:45:00,closed,False,False,0,2125.85,2024-03-06 03:15:00,-5.0,-87.35,SL/TP
BUY,2148.07,2143.07,2158.07,17.3,2158.07,2024-03-06 18:45:00,closed,False,False,0,2143.07,2024-03-06 19:30:00,-5.0,-86.5,SL/TP
BUY,2140.16,2140.66,2150.16,17.3,2150.16,2024-03-06 17:30:00,closed,True,False,0,2150.16,2024-03-06 20:15:00,10.0,173.0,SL/TP
BUY,2145.07,2140.07,2155.07,17.3,2155.07,2024-03-06 18:30:00,closed,False,False,0,2140.07,2024-03-06 21:30:00,-5.0,-86.5,SL/TP
BUY,2144.69,2139.69,2154.69,17.12,2154.69,2024-03-06 19:45:00,closed,False,False,0,2139.69,2024-03-06 21:30:00,-5.0,-85.60000000000001,SL/TP
BUY,2155.33,2150.33,2165.33,17.12,2165.33,2024-03-07 08:45:00,closed,False,False,0,2150.33,2024-03-07 16:30:00,-5.0,-85.60000000000001,SL/TP
BUY,2156.11,2151.11,2166.11,17.12,2166.11,2024-03-07 09:45:00,closed,False,False,0,2151.11,2024-03-07 16:30:00,-5.0,-85.60000000000001,SL/TP
BUY,2169.0,2164.0,2179.0,16.78,2179.0,2024-03-08 11:45:00,closed,False,False,0,2164.0,2024-03-08 15:15:00,-5.0,-83.9,SL/TP
BUY,2170.0,2170.5,2180.0,16.61,2180.0,2024-03-08 17:15:00,closed,True,False,0,2180.0,2024-03-08 18:45:00,10.0,166.1,SL/TP
BUY,2184.94,2179.94,2194.94,16.95,2194.94,2024-03-08 19:45:00,closed,False,False,0,2179.94,2024-03-08 20:00:00,-5.0,-84.75,SL/TP
BUY,2174.58,2169.58,2184.58,16.78,2184.58,2024-03-13 21:15:00,closed,False,False,0,2169.58,2024-03-14 07:45:00,-5.0,-83.9,SL/TP
BUY,2174.52,2169.52,2184.52,16.78,2184.52,2024-03-13 22:15:00,closed,False,False,0,2169.52,2024-03-14 07:45:00,-5.0,-83.9,SL/TP
BUY,2172.47,2167.47,2182.47,16.78,2182.47,2024-03-13 22:00:00,closed,False,False,0,2167.47,2024-03-14 08:45:00,-5.0,-83.9,SL/TP
BUY,2171.85,2166.85,2181.85,16.27,2181.85,2024-03-15 11:45:00,closed,False,False,0,2166.85,2024-03-15 13:00:00,-5.0,-81.35,SL/TP
BUY,2171.14,2166.14,2181.14,16.27,2181.14,2024-03-15 12:15:00,closed,False,False,0,2166.14,2024-03-15 14:00:00,-5.0,-81.35,SL/TP
BUY,2161.03,2156.03,2171.03,15.95,2171.03,2024-03-18 13:45:00,closed,False,False,0,2156.03,2024-03-18 15:15:00,-5.0,-79.75,SL/TP
BUY,2160.99,2155.99,2170.99,15.79,2170.99,2024-03-18 17:15:00,closed,False,False,0,2155.99,2024-03-18 18:00:00,-5.0,-78.94999999999999,SL/TP
BUY,2188.07,2183.07,2198.07,15.63,2198.07,2024-03-20 21:15:00,closed,False,False,0,2183.07,2024-03-20 21:30:00,-5.0,-78.15,SL/TP
BUY,2186.24,2186.74,2196.24,15.47,2196.24,2024-03-20 22:45:00,closed,True,False,0,2196.24,2024-03-21 00:15:00,10.0,154.70000000000002,SL/TP
BUY,2186.24,2186.74,2196.24,15.47,2196.24,2024-03-20 23:00:00,closed,True,False,0,2196.24,2024-03-21 00:15:00,10.0,154.70000000000002,SL/TP
BUY,2186.24,2186.74,2196.24,15.47,2196.24,2024-03-20 23:15:00,closed,True,False,0,2196.24,2024-03-21 00:15:00,10.0,154.70000000000002,SL/TP
BUY,2203.09,2198.09,2213.09,16.4,2213.09,2024-03-21 02:00:00,closed,False,False,0,2198.09,2024-03-21 02:15:00,-5.0,-82.0,SL/TP
BUY,2202.8,2197.8,2212.8,16.24,2212.8,2024-03-21 05:45:00,closed,False,False,0,2197.8,2024-03-21 10:30:00,-5.0,-81.19999999999999,SL/TP
BUY,2206.25,2201.25,2216.25,16.24,2216.25,2024-03-21 08:30:00,closed,False,False,0,2201.25,2024-03-21 10:30:00,-5.0,-81.19999999999999,SL/TP
BUY,2174.75,2169.75,2184.75,15.91,2184.75,2024-03-22 16:15:00,closed,False,False,0,2169.75,2024-03-22 17:00:00,-5.0,-79.55,SL/TP
BUY,2176.33,2171.33,2186.33,15.75,2186.33,2024-03-25 04:30:00,closed,False,False,0,2171.33,2024-03-25 05:30:00,-5.0,-78.75,SL/TP
BUY,2176.44,2171.44,2186.44,15.6,2186.44,2024-03-25 16:30:00,closed,False,False,0,2171.44,2024-03-25 21:00:00,-5.0,-78.0,SL/TP
BUY,2177.08,2172.08,2187.08,15.6,2187.08,2024-03-25 17:00:00,closed,False,False,0,2172.08,2024-03-25 21:00:00,-5.0,-78.0,SL/TP
BUY,2192.13,2187.13,2202.13,15.29,2202.13,2024-03-26 12:00:00,closed,False,False,0,2187.13,2024-03-26 14:45:00,-5.0,-76.44999999999999,SL/TP
BUY,2191.65,2186.65,2201.65,15.13,2201.65,2024-03-26 15:00:00,closed,False,False,0,2186.65,2024-03-26 15:30:00,-5.0,-75.65,SL/TP
BUY,2190.41,2190.91,2200.41,14.98,2200.41,2024-03-27 15:30:00,closed,True,False,0,2200.41,2024-03-28 07:45:00,10.0,149.8,SL/TP
BUY,2190.29,2190.79,2200.29,14.98,2200.29,2024-03-27 17:30:00,closed,True,False,0,2200.29,2024-03-28 07:45:00,10.0,149.8,SL/TP
BUY,2212.65,2207.65,2222.65,15.58,2222.65,2024-03-28 13:15:00,closed,False,False,0,2207.65,2024-03-28 13:30:00,-5.0,-77.9,SL/TP
BUY,2208.31,2203.31,2218.31,15.42,2218.31,2024-03-28 15:30:00,closed,False,False,0,2203.31,2024-03-28 15:45:00,-5.0,-77.1,SL/TP
BUY,2261.74,2256.74,2271.74,15.27,2271.74,2024-04-01 10:15:00,closed,False,False,0,2256.74,2024-04-01 11:30:00,-5.0,-76.35,SL/TP
BUY,2294.41,2294.91,2304.41,15.12,2304.41,2024-04-03 21:15:00,closed,True,False,0,2304.41,2024-04-04 04:00:00,10.0,151.2,SL/TP
BUY,2300.77,2295.77,2310.77,15.42,2310.77,2024-04-04 05:15:00,closed,False,False,0,2295.77,2024-04-04 08:45:00,-5.0,-77.1,SL/TP
BUY,2299.47,2294.47,2309.47,15.42,2309.47,2024-04-04 07:00:00,closed,False,False,0,2294.47,2024-04-04 10:00:00,-5.0,-77.1,SL/TP
BUY,2299.8,2300.3,2309.8,15.11,2309.8,2024-04-05 16:45:00,closed,True,False,0,2300.3,2024-04-05 17:15:00,0.5,7.555,SL/TP
BUY,2325.16,2320.16,2335.16,15.13,2335.16,2024-04-05 19:15:00,closed,False,False,0,2320.16,2024-04-08 01:00:00,-5.0,-75.65,SL/TP
BUY,2328.05,2323.05,2338.05,15.13,2338.05,2024-04-05 20:30:00,closed,False,False,0,2323.05,2024-04-08 01:00:00,-5.0,-75.65,SL/TP
BUY,2325.16,2320.16,2335.16,15.13,2335.16,2024-04-05 19:15:00,closed,False,False,0,2320.16,2024-04-08 01:00:00,-5.0,-75.65,SL/TP
BUY,2328.05,2323.05,2338.05,15.13,2338.05,2024-04-05 20:30:00,closed,False,False,0,2323.05,2024-04-08 01:00:00,-5.0,-75.65,SL/TP
BUY,2343.36,2338.36,2353.36,14.83,2353.36,2024-04-08 06:30:00,closed,False,False,0,2338.36,2024-04-08 08:15:00,-5.0,-74.15,SL/TP
BUY,2342.16,2337.16,2352.16,14.83,2352.16,2024-04-08 07:45:00,closed,False,False,0,2337.16,2024-04-08 08:30:00,-5.0,-74.15,SL/TP
BUY,2337.61,2332.61,2347.61,14.53,2347.61,2024-04-08 10:30:00,closed,False,False,0,2332.61,2024-04-08 15:00:00,-5.0,-72.64999999999999,SL/TP
BUY,2336.64,2331.64,2346.64,14.53,2346.64,2024-04-08 12:30:00,closed,False,False,0,2331.64,2024-04-08 15:00:00,-5.0,-72.64999999999999,SL/TP
BUY,2338.03,2338.53,2348.03,14.24,2348.03,2024-04-08 23:15:00,closed,True,False,0,2348.03,2024-04-09 04:30:00,10.0,142.4,SL/TP
BUY,2343.87,2344.37,2353.87,14.52,2353.87,2024-04-09 06:15:00,closed,True,False,0,2344.37,2024-04-09 10:00:00,0.5,7.26,SL/TP
BUY,2344.04,2344.54,2354.04,14.52,2354.04,2024-04-09 06:45:00,closed,True,False,0,2344.54,2024-04-09 10:00:00,0.5,7.26,SL/TP
BUY,2344.35,2344.85,2354.35,14.52,2354.35,2024-04-09 07:00:00,closed,True,False,0,2344.85,2024-04-09 10:00:00,0.5,7.26,SL/TP
BUY,2354.76,2355.26,2364.76,14.57,2364.76,2024-04-09 10:00:00,closed,True,False,0,2364.76,2024-04-09 12:15:00,10.0,145.7,SL/TP
BUY,2352.63,2353.13,2362.63,14.86,2362.63,2024-04-09 16:00:00,closed,True,False,0,2362.63,2024-04-09 17:15:00,10.0,148.6,SL/TP
BUY,2387.87,2382.87,2397.87,15.15,2397.87,2024-04-12 04:30:00,closed,False,False,0,2382.87,2024-04-12 07:00:00,-5.0,-75.75,SL/TP
BUY,2399.88,2394.88,2409.88,15.0,2409.88,2024-04-12 10:45:00,closed,False,False,0,2394.88,2024-04-12 11:30:00,-5.0,-75.0,SL/TP
BUY,2399.6,2394.6,2409.6,14.85,2409.6,2024-04-12 13:15:00,closed,False,False,0,2394.6,2024-04-12 14:15:00,-5.0,-74.25,SL/TP
BUY,2382.32,2377.32,2392.32,14.7,2392.32,2024-04-15 23:30:00,closed,False,False,0,2377.32,2024-04-16 09:30:00,-5.0,-73.5,SL/TP
BUY,2383.1,2378.1,2393.1,14.7,2393.1,2024-04-15 23:45:00,closed,False,False,0,2378.1,2024-04-16 09:30:00,-5.0,-73.5,SL/TP
BUY,2383.1,2378.1,2393.1,14.7,2393.1,2024-04-16 00:00:00,closed,False,False,0,2378.1,2024-04-16 09:30:00,-5.0,-73.5,SL/TP
BUY,2374.48,2374.98,2384.48,14.26,2384.48,2024-04-18 06:15:00,closed,True,False,0,2384.48,2024-04-18 14:30:00,10.0,142.6,SL/TP
SELL,2361.01,2360.51,2351.01,14.55,2351.01,2024-04-22 10:45:00,closed,True,False,0,2351.01,2024-04-22 14:00:00,10.0,145.5,SL/TP
SELL,2336.3,2335.8,2326.3,14.84,2326.3,2024-04-22 18:00:00,closed,True,False,0,2326.3,2024-04-22 21:00:00,10.0,148.4,SL/TP
SELL,2326.89,2331.89,2316.89,15.14,2316.89,2024-04-23 01:15:00,closed,False,False,0,2331.89,2024-04-23 02:30:00,-5.0,-75.7,SL/TP
SELL,2330.76,2330.26,2320.76,14.84,2320.76,2024-04-22 20:30:00,closed,True,False,0,2320.76,2024-04-23 04:30:00,10.0,148.4,SL/TP
SELL,2302.56,2307.56,2292.56,15.28,2292.56,2024-04-23 06:45:00,closed,False,False,0,2307.56,2024-04-23 07:30:00,-5.0,-76.39999999999999,SL/TP
SELL,2304.48,2309.48,2294.48,15.28,2294.48,2024-04-23 06:30:00,closed,False,False,0,2309.48,2024-04-23 08:00:00,-5.0,-76.39999999999999,SL/TP
SELL,2304.19,2303.69,2294.19,14.98,2294.19,2024-04-23 11:30:00,closed,True,False,0,2294.19,2024-04-23 12:15:00,10.0,149.8,SL/TP
SELL,2319.82,2324.82,2309.82,15.28,2309.82,2024-04-25 16:00:00,closed,False,False,0,2324.82,2024-04-25 17:15:00,-5.0,-76.39999999999999,SL/TP
BUY,2349.32,2344.32,2359.32,15.12,2359.32,2024-04-26 12:45:00,closed,False,False,0,2344.32,2024-04-26 14:45:00,-5.0,-75.6,SL/TP
BUY,2344.89,2339.89,2354.89,14.97,2354.89,2024-04-26 14:45:00,closed,False,False,0,2339.89,2024-04-26 16:30:00,-5.0,-74.85000000000001,SL/TP
SELL,2330.84,2335.84,2320.84,14.82,2320.84,2024-04-29 16:30:00,closed,False,False,0,2335.84,2024-04-29 17:00:00,-5.0,-74.1,SL/TP
SELL,2332.92,2332.42,2322.92,14.67,2322.92,2024-04-30 03:15:00,closed,True,False,0,2322.92,2024-04-30 08:30:00,10.0,146.7,SL/TP
SELL,2288.12,2293.12,2278.12,14.97,2278.12,2024-05-01 05:30:00,closed,False,False,0,2293.12,2024-05-01 13:45:00,-5.0,-74.85000000000001,SL/TP
SELL,2290.75,2295.75,2280.75,14.97,2280.75,2024-04-30 22:45:00,closed,False,False,0,2295.75,2024-05-01 14:30:00,-5.0,-74.85000000000001,SL/TP
SELL,2291.29,2296.29,2281.29,14.97,2281.29,2024-05-01 01:45:00,closed,False,False,0,2296.29,2024-05-01 14:30:00,-5.0,-74.85000000000001,SL/TP
SELL,2299.34,2304.34,2289.34,14.52,2289.34,2024-05-01 20:45:00,closed,False,False,0,2304.34,2024-05-01 21:00:00,-5.0,-72.6,SL/TP
SELL,2299.25,2304.25,2289.25,14.37,2289.25,2024-05-02 14:15:00,closed,False,False,0,2304.25,2024-05-02 15:45:00,-5.0,-71.85,SL/TP
SELL,2292.23,2297.23,2282.23,14.23,2282.23,2024-05-02 16:30:00,closed,False,False,0,2297.23,2024-05-02 17:15:00,-5.0,-71.15,SL/TP
BUY,2321.17,2316.17,2331.17,14.09,2331.17,2024-05-06 14:00:00,closed,False,False,0,2316.17,2024-05-06 14:45:00,-5.0,-70.45,SL/TP
BUY,2316.57,2317.07,2326.57,14.09,2326.57,2024-05-06 10:15:00,closed,True,False,0,2326.57,2024-05-06 15:45:00,10.0,140.9,SL/TP
BUY,2323.09,2318.09,2333.09,14.23,2333.09,2024-05-06 18:00:00,closed,False,False,0,2318.09,2024-05-07 10:15:00,-5.0,-71.15,SL/TP
BUY,2320.47,2315.47,2330.47,14.09,2330.47,2024-05-07 16:00:00,closed,False,False,0,2315.47,2024-05-07 17:45:00,-5.0,-70.45,SL/TP
SELL,2304.36,2309.36,2294.36,13.95,2294.36,2024-05-08 11:15:00,closed,False,False,0,2309.36,2024-05-08 12:15:00,-5.0,-69.75,SL/TP
SELL,2310.8,2315.8,2300.8,13.81,2300.8,2024-05-08 12:45:00,closed,False,False,0,2315.8,2024-05-08 13:15:00,-5.0,-69.05,SL/TP
SELL,2308.49,2313.49,2298.49,13.67,2298.49,2024-05-09 02:00:00,closed,False,False,0,2313.49,2024-05-09 07:00:00,-5.0,-68.35,SL/TP
BUY,2346.02,2346.52,2356.02,13.53,2356.02,2024-05-09 23:45:00,closed,True,False,0,2356.02,2024-05-10 08:00:00,10.0,135.29999999999998,SL/TP
BUY,2346.02,2346.52,2356.02,13.53,2356.02,2024-05-10 00:00:00,closed,True,False,0,2356.02,2024-05-10 08:00:00,10.0,135.29999999999998,SL/TP
BUY,2346.02,2346.52,2356.02,13.53,2356.02,2024-05-10 00:15:00,closed,True,False,0,2356.02,2024-05-10 08:00:00,10.0,135.29999999999998,SL/TP
BUY,2367.95,2368.45,2377.95,14.34,2377.95,2024-05-10 10:15:00,closed,True,False,0,2377.95,2024-05-10 13:30:00,10.0,143.4,SL/TP
BUY,2366.92,2367.42,2376.92,14.34,2376.92,2024-05-10 10:30:00,closed,True,False,0,2376.92,2024-05-10 13:30:00,10.0,143.4,SL/TP
BUY,2383.48,2378.48,2393.48,14.92,2393.48,2024-05-16 19:30:00,closed,False,False,0,2378.48,2024-05-16 21:15:00,-5.0,-74.6,SL/TP
BUY,2389.85,2390.35,2399.85,14.77,2399.85,2024-05-17 14:45:00,closed,True,False,0,2399.85,2024-05-17 16:00:00,10.0,147.7,SL/TP
BUY,2404.88,2405.38,2414.88,15.06,2414.88,2024-05-17 18:30:00,closed,True,False,0,2414.88,2024-05-17 21:00:00,10.0,150.6,SL/TP
BUY,2407.8,2408.3,2417.8,15.06,2417.8,2024-05-17 18:45:00,closed,True,False,0,2417.8,2024-05-20 00:00:00,10.0,150.6,SL/TP
BUY,2407.8,2408.3,2417.8,15.06,2417.8,2024-05-17 18:45:00,closed,True,False,0,2417.8,2024-05-20 00:00:00,10.0,150.6,SL/TP
BUY,2419.4,2419.9,2429.4,15.99,2429.4,2024-05-20 02:00:00,closed,True,False,0,2429.4,2024-05-20 04:00:00,10.0,159.9,SL/TP
BUY,2421.7,2422.2,2431.7,15.99,2431.7,2024-05-20 03:15:00,closed,True,False,0,2431.7,2024-05-20 04:00:00,10.0,159.9,SL/TP
BUY,2434.6,2429.6,2444.6,16.63,2444.6,2024-05-20 04:45:00,closed,False,False,0,2429.6,2024-05-20 05:45:00,-5.0,-83.14999999999999,SL/TP
BUY,2434.19,2434.69,2444.19,16.47,2444.19,2024-05-20 05:45:00,closed,True,False,0,2444.19,2024-05-20 08:30:00,10.0,164.7,SL/TP
BUY,2437.38,2437.88,2447.38,16.47,2447.38,2024-05-20 07:45:00,closed,True,False,0,2447.38,2024-05-20 08:30:00,10.0,164.7,SL/TP
BUY,2426.53,2427.03,2436.53,17.13,2436.53,2024-05-20 19:45:00,closed,True,False,0,2436.53,2024-05-20 20:45:00,10.0,171.29999999999998,SL/TP
SELL,2386.1,2385.6,2376.1,17.47,2376.1,2024-05-22 21:00:00,closed,True,False,0,2376.1,2024-05-22 21:45:00,10.0,174.7,SL/TP
SELL,2371.9,2371.4,2361.9,17.82,2361.9,2024-05-23 07:15:00,closed,True,False,0,2361.9,2024-05-23 08:45:00,10.0,178.2,SL/TP
SELL,2362.4,2367.4,2352.4,18.18,2352.4,2024-05-23 10:00:00,closed,False,False,0,2367.4,2024-05-23 13:00:00,-5.0,-90.9,SL/TP
SELL,2340.67,2345.67,2330.67,17.99,2330.67,2024-05-29 16:30:00,closed,False,False,0,2345.67,2024-05-29 16:45:00,-5.0,-89.94999999999999,SL/TP
SELL,2343.19,2342.69,2333.19,17.81,2333.19,2024-05-29 17:30:00,closed,True,False,0,2333.19,2024-05-30 04:45:00,10.0,178.1,SL/TP
SELL,2335.28,2334.78,2325.28,17.81,2325.28,2024-05-30 03:30:00,closed,True,False,0,2325.28,2024-05-30 08:45:00,10.0,178.1,SL/TP
