<DATE>	<OPEN>	<HIGH>	<LOW>	<CLOSE>
2021.01.04	1909.07	1944.43	1907.72	1943.23
2021.01.05	1941.49	1953.09	1934.31	1950.03
2021.01.06	1949.89	1959.29	1900.83	1918.79
2021.01.07	1920.94	1927.64	1906.77	1913.51
2021.01.08	1916.18	1917.48	1828.27	1849.04
2021.01.11	1854.74	1855.59	1817.0	1844.45
2021.01.12	1847.51	1863.8	1836.7	1855.31
2021.01.13	1855.04	1862.94	1841.91	1844.68
2021.01.14	1847.51	1857.45	1830.94	1846.46
2021.01.15	1847.79	1856.85	1823.39	1827.65
2021.01.18	1828.39	1840.72	1810.29	1837.52
2021.01.19	1838.41	1845.51	1833.12	1839.63
2021.01.20	1840.51	1871.73	1832.49	1871.42
2021.01.21	1871.58	1875.01	1858.32	1869.8
2021.01.22	1869.76	1870.81	1837.4	1854.67
2021.01.25	1858.02	1867.93	1847.11	1855.94
2021.01.26	1855.26	1861.73	1848.4	1851.43
2021.01.27	1851.58	1853.11	1831.35	1843.83
2021.01.28	1842.66	1864.0	1834.0	1842.61
2021.01.29	1843.12	1875.69	1839.59	1847.59
2021.02.01	1855.57	1871.78	1849.15	1860.55
2021.02.02	1859.37	1864.05	1829.53	1837.65
2021.02.03	1837.38	1844.98	1829.81	1834.21
2021.02.04	1834.12	1834.74	1784.9	1793.12
2021.02.05	1795.17	1815.2	1791.98	1813.4
2021.02.08	1817.35	1839.19	1807.77	1830.13
2021.02.09	1830.87	1848.56	1828.83	1837.64
2021.02.10	1838.59	1855.31	1834.05	1842.35
2021.02.11	1843.91	1847.54	1821.2	1825.47
2021.02.12	1826.11	1830.68	1810.52	1824.17
2021.02.15	1824.88	1827.02	1816.07	1818.72
2021.02.16	1819.62	1826.42	1789.48	1794.56
2021.02.17	1792.65	1795.15	1769.47	1776.7
2021.02.18	1776.95	1789.62	1768.42	1775.44
2021.02.19	1776.46	1791.63	1760.64	1783.05
2021.02.22	1786.78	1812.69	1780.68	1809.04
2021.02.23	1809.4	1816.01	1795.6	1805.07
2021.02.24	1806.6	1813.94	1783.63	1805.33
2021.02.25	1803.65	1804.23	1765.28	1770.25
2021.02.26	1772.25	1775.76	1717.18	1733.84
2021.03.01	1737.79	1759.89	1719.63	1724.79
2021.03.02	1723.03	1738.77	1707.2	1738.77
2021.03.03	1738.15	1740.49	1701.86	1711.71
2021.03.04	1710.88	1723.19	1690.54	1698.6
2021.03.05	1697.83	1707.62	1687.28	1700.76
2021.03.08	1706.24	1714.29	1676.82	1682.53
2021.03.09	1684.52	1720.58	1680.12	1715.59
2021.03.10	1715.33	1726.57	1708.2	1726.33
2021.03.11	1726.56	1739.82	1719.27	1722.38
2021.03.12	1721.63	1727.96	1699.21	1726.92
2021.03.15	1728.56	1734.54	1721.66	1732.11
2021.03.16	1731.86	1741.21	1726.25	1731.85
2021.03.17	1732.35	1751.63	1724.17	1744.54
2021.03.18	1748.74	1755.46	1719.25	1736.49
2021.03.19	1735.77	1746.72	1728.5	1745.14
2021.03.22	1743.8	1744.33	1727.39	1738.68
2021.03.23	1739.58	1742.6	1724.68	1726.89
2021.03.24	1727.15	1738.47	1723.79	1733.83
2021.03.25	1734.91	1745.43	1721.76	1726.98
2021.03.26	1727.94	1736.65	1721.63	1732.7
2021.03.29	1731.17	1732.84	1705.65	1711.81
2021.03.30	1712.68	1714.36	1678.77	1685.06
2021.03.31	1684.83	1715.34	1677.86	1707.7
2021.04.01	1707.4	1730.4	1705.76	1729.49
2021.04.05	1728.66	1733.57	1721.25	1728.36
2021.04.06	1728.71	1745.47	1727.16	1743.06
2021.04.07	1743.28	1744.32	1730.57	1737.57
2021.04.08	1737.56	1758.66	1733.14	1756.14
2021.04.09	1755.65	1757.32	1731.26	1743.46
2021.04.12	1742.71	1745.0	1727.48	1732.34
2021.04.13	1733.23	1748.99	1723.7	1745.39
2021.04.14	1745.66	1749.31	1732.58	1736.25
2021.04.15	1736.26	1769.68	1734.35	1763.5
2021.04.16	1763.97	1783.79	1759.72	1776.67
2021.04.19	1775.67	1790.03	1766.76	1770.78
2021.04.20	1770.9	1780.41	1763.53	1778.55
2021.04.21	1778.16	1797.63	1776.24	1793.92
2021.04.22	1793.95	1797.88	1777.45	1784.36
2021.04.23	1784.16	1795.95	1770.01	1776.48
2021.04.26	1775.48	1783.5	1768.84	1781.39
2021.04.27	1781.27	1785.55	1773.76	1776.7
2021.04.28	1776.99	1782.54	1762.62	1781.47
2021.04.29	1781.96	1789.98	1756.19	1772.28
2021.04.30	1772.61	1773.62	1764.24	1768.97
2021.05.03	1766.81	1797.91	1766.04	1793.04
2021.05.04	1792.58	1799.09	1771.01	1779.28
2021.05.05	1778.34	1787.97	1770.49	1787.66
2021.05.06	1786.8	1818.12	1782.0	1815.22
2021.05.07	1814.64	1843.3	1812.85	1830.85
2021.05.10	1833.04	1845.49	1829.97	1835.54
2021.05.11	1836.07	1841.8	1818.09	1836.8
2021.05.12	1836.83	1843.68	1813.24	1816.11
2021.05.13	1814.87	1828.8	1808.77	1826.93
2021.05.14	1827.12	1845.93	1819.77	1842.56
2021.05.17	1843.52	1868.41	1843.52	1866.65
2021.05.18	1866.69	1875.03	1863.2	1869.64
2021.05.19	1869.12	1890.09	1852.23	1870.15
2021.05.20	1870.06	1883.94	1863.86	1877.28
2021.05.21	1877.79	1889.41	1870.1	1881.74
2021.05.24	1881.41	1887.02	1875.17	1881.35
2021.05.25	1880.78	1900.21	1872.71	1899.18
2021.05.26	1898.77	1912.74	1890.77	1896.5
2021.05.27	1896.45	1903.67	1888.28	1896.43
2021.05.28	1897.4	1905.95	1882.27	1903.18
2021.05.31	1903.74	1910.65	1902.14	1906.62
2021.06.01	1907.26	1916.58	1892.37	1899.87
2021.06.02	1899.65	1909.09	1894.37	1908.66
2021.06.03	1908.45	1909.64	1865.37	1870.7
2021.06.04	1871.33	1896.14	1855.5	1891.51
2021.06.07	1890.19	1900.13	1881.57	1898.78
2021.06.08	1899.1	1903.67	1883.84	1893.06
2021.06.09	1891.72	1898.95	1887.33	1888.89
2021.06.10	1888.89	1899.86	1869.84	1899.64
2021.06.11	1898.15	1903.03	1874.44	1876.16
2021.06.14	1876.07	1877.62	1844.77	1866.31
2021.06.15	1867.53	1869.16	1851.65	1858.89
2021.06.16	1859.13	1862.91	1803.33	1810.21
2021.06.17	1813.54	1825.33	1767.3	1772.78
2021.06.18	1775.49	1797.14	1760.91	1764.52
2021.06.21	1768.64	1786.61	1766.4	1783.25
2021.06.22	1784.05	1790.09	1772.44	1778.63
2021.06.23	1779.76	1794.95	1773.33	1778.4
2021.06.24	1778.61	1787.97	1772.85	1774.96
2021.06.25	1776.26	1790.34	1773.7	1781.11
2021.06.28	1781.24	1785.74	1770.67	1779.03
2021.06.29	1778.6	1778.96	1750.69	1761.08
2021.06.30	1762.09	1774.39	1753.33	1769.65
2021.07.01	1770.03	1782.78	1765.64	1776.52
2021.07.02	1776.28	1795.04	1774.33	1787.33
2021.07.05	1787.11	1794.34	1784.47	1791.73
2021.07.06	1791.27	1814.97	1790.11	1797.05
2021.07.07	1796.31	1809.72	1793.85	1803.59
2021.07.08	1803.68	1818.33	1793.83	1802.35
2021.07.09	1802.94	1812.33	1796.38	1808.04
2021.07.12	1807.97	1810.82	1791.65	1806.17
2021.07.13	1806.26	1817.14	1798.6	1807.14
2021.07.14	1807.95	1829.73	1804.55	1827.99
2021.07.15	1827.44	1834.07	1820.22	1829.45
2021.07.16	1829.87	1832.0	1808.96	1811.51
2021.07.19	1811.29	1817.27	1794.98	1812.61
2021.07.20	1812.65	1824.92	1805.1	1810.24
2021.07.21	1810.4	1813.74	1794.68	1803.42
2021.07.22	1803.83	1808.04	1792.74	1806.42
2021.07.23	1806.98	1810.3	1789.63	1801.93
2021.07.26	1802.26	1811.46	1796.38	1797.65
2021.07.27	1797.99	1805.22	1793.6	1798.47
2021.07.28	1800.52	1809.82	1792.36	1807.11
2021.07.29	1807.34	1832.62	1807.22	1827.79
2021.07.30	1828.79	1831.34	1810.2	1814.28
2021.08.02	1814.6	1819.51	1805.78	1813.11
2021.08.03	1813.49	1814.99	1807.12	1810.12
2021.08.04	1810.26	1831.65	1806.4	1811.6
2021.08.05	1812.03	1814.81	1797.83	1803.73
2021.08.06	1804.65	1804.72	1758.65	1763.18
2021.08.09	1761.08	1762.27	1683.2	1729.58
2021.08.10	1728.91	1738.27	1717.71	1728.74
2021.08.11	1729.71	1754.37	1724.08	1751.5
2021.08.12	1751.32	1758.15	1741.58	1752.86
2021.08.13	1753.17	1779.79	1751.69	1779.7
2021.08.16	1779.08	1789.28	1770.8	1787.24
2021.08.17	1787.22	1795.46	1780.53	1785.8
2021.08.18	1786.3	1793.75	1777.32	1787.68
2021.08.19	1787.37	1792.44	1774.41	1780.0
2021.08.20	1780.14	1788.37	1778.33	1780.94
2021.08.23	1781.52	1806.42	1776.44	1805.18
2021.08.24	1805.41	1809.51	1800.7	1802.83
2021.08.25	1802.42	1802.78	1782.57	1790.33
2021.08.26	1791.03	1798.12	1780.07	1791.69
2021.08.27	1792.42	1819.09	1784.01	1817.85
2021.08.30	1818.18	1823.24	1807.76	1810.13
2021.08.31	1810.0	1819.15	1801.71	1814.26
2021.09.01	1814.47	1820.03	1808.72	1813.77
2021.09.02	1813.97	1817.15	1804.86	1809.55
2021.09.03	1809.49	1833.95	1808.94	1827.59
2021.09.06	1828.29	1830.24	1821.42	1823.14
2021.09.07	1823.53	1827.22	1792.04	1793.92
2021.09.08	1795.12	1802.11	1782.43	1789.29
2021.09.09	1789.54	1800.9	1783.86	1794.36
2021.09.10	1793.87	1803.77	1787.24	1787.81
2021.09.13	1787.35	1798.43	1783.64	1793.37
2021.09.14	1793.38	1808.58	1779.6	1804.69
2021.09.15	1803.86	1806.94	1790.75	1793.73
2021.09.16	1794.12	1796.2	1745.24	1752.72
2021.09.17	1753.57	1767.47	1747.38	1753.92
2021.09.20	1754.22	1767.05	1742.07	1764.82
2021.09.21	1764.46	1781.69	1757.97	1773.89
2021.09.22	1774.86	1787.21	1764.72	1767.99
2021.09.23	1768.62	1776.56	1737.43	1742.48
2021.09.24	1744.64	1757.71	1740.49	1749.72
2021.09.27	1749.81	1760.82	1744.84	1750.15
2021.09.28	1750.67	1754.49	1728.1	1733.53
2021.09.29	1734.2	1745.48	1721.65	1726.46
2021.09.30	1726.64	1764.12	1722.24	1757.16
2021.10.01	1755.82	1764.28	1749.77	1760.15
2021.10.04	1760.79	1770.5	1747.79	1769.35
2021.10.05	1768.61	1769.33	1748.66	1759.87
2021.10.06	1760.02	1765.03	1745.95	1762.87
2021.10.07	1762.95	1766.91	1751.97	1754.91
2021.10.08	1755.94	1781.27	1753.45	1757.1
2021.10.11	1756.97	1760.97	1750.18	1754.11
2021.10.12	1753.79	1769.31	1750.8	1760.19
2021.10.13	1760.7	1796.15	1757.91	1792.75
2021.10.14	1793.03	1800.57	1786.75	1795.92
2021.10.15	1796.02	1796.47	1764.93	1767.42
2021.10.18	1767.18	1772.04	1760.31	1764.53
2021.10.19	1764.93	1785.11	1763.0	1768.99
2021.10.20	1769.43	1788.44	1766.9	1782.06
2021.10.21	1782.65	1789.44	1776.53	1783.32
2021.10.22	1783.37	1813.79	1782.89	1792.67
2021.10.25	1792.93	1809.99	1792.25	1807.43
2021.10.26	1807.45	1808.39	1782.45	1793.0
2021.10.27	1793.08	1799.05	1783.54	1796.89
2021.10.28	1796.75	1810.38	1792.25	1798.81
2021.10.29	1799.49	1801.2	1771.98	1782.98
2021.11.01	1783.36	1795.79	1779.12	1793.2
2021.11.02	1792.82	1796.4	1786.41	1787.84
2021.11.03	1787.63	1788.2	1758.07	1769.89
2021.11.04	1771.35	1798.9	1770.86	1791.71
2021.11.05	1791.11	1818.27	1785.1	1817.84
2021.11.08	1815.69	1826.44	1812.46	1824.14
2021.11.09	1824.28	1832.7	1819.23	1831.68
2021.11.10	1831.6	1868.55	1822.32	1848.97
2021.11.11	1848.98	1866.0	1842.88	1861.77
2021.11.12	1861.75	1868.61	1845.2	1864.35
2021.11.15	1866.79	1870.3	1856.38	1862.71
2021.11.16	1863.07	1877.23	1849.67	1849.98
2021.11.17	1850.24	1868.03	1849.53	1867.39
2021.11.18	1866.24	1870.94	1855.03	1858.81
2021.11.19	1859.19	1865.72	1843.0	1845.7
2021.11.22	1842.19	1849.15	1802.28	1804.77
2021.11.23	1808.0	1812.45	1782.0	1789.28
2021.11.24	1789.1	1796.34	1778.54	1788.64
2021.11.25	1787.93	1795.04	1786.01	1788.42
2021.11.26	1790.47	1815.55	1780.4	1790.86
2021.11.29	1788.53	1799.39	1777.64	1784.96
2021.11.30	1785.12	1808.74	1769.82	1774.43
2021.12.01	1775.91	1794.41	1772.17	1781.88
2021.12.02	1781.48	1783.38	1761.97	1768.4
2021.12.03	1769.67	1786.12	1766.15	1783.88
2021.12.06	1782.0	1787.71	1775.74	1778.37
2021.12.07	1778.93	1787.68	1772.35	1784.16
2021.12.08	1784.6	1793.15	1779.64	1782.49
2021.12.09	1783.08	1787.64	1773.27	1775.13
2021.12.10	1775.99	1789.41	1770.1	1782.82
2021.12.13	1782.77	1791.57	1781.83	1786.99
2021.12.14	1785.95	1789.53	1766.43	1770.58
2021.12.15	1771.44	1780.85	1752.34	1777.09
2021.12.16	1778.34	1799.55	1775.54	1799.02
2021.12.17	1798.39	1814.28	1795.94	1797.98
2021.12.20	1800.31	1804.21	1788.29	1790.3
2021.12.21	1790.8	1800.52	1785.0	1788.63
2021.12.22	1788.87	1804.92	1785.86	1803.54
2021.12.23	1803.13	1810.63	1798.9	1807.76
2021.12.27	1805.97	1813.47	1802.92	1811.82
2021.12.28	1811.55	1820.18	1805.05	1806.13
2021.12.29	1806.56	1807.71	1789.47	1803.9
2021.12.30	1803.71	1817.21	1796.12	1815.08
2021.12.31	1814.64	1828.57	1814.2	1828.27
2022.01.03	1830.63	1831.82	1798.32	1801.2
2022.01.04	1802.46	1816.74	1798.51	1814.36
2022.01.05	1813.84	1829.6	1808.32	1810.53
2022.01.06	1810.06	1811.58	1786.5	1789.72
2022.01.07	1791.18	1798.63	1782.64	1796.3
2022.01.10	1794.95	1802.32	1790.36	1801.69
2022.01.11	1800.41	1823.25	1799.97	1821.43
2022.01.12	1820.14	1828.01	1814.71	1826.14
2022.01.13	1825.78	1828.14	1812.35	1822.71
2022.01.14	1821.49	1829.18	1814.7	1817.54
2022.01.17	1817.35	1823.17	1813.2	1819.11
2022.01.18	1818.27	1822.78	1805.79	1813.7
2022.01.19	1814.08	1843.32	1810.25	1840.63
2022.01.20	1840.2	1847.92	1835.95	1839.53
2022.01.21	1839.26	1843.24	1828.39	1834.63
2022.01.24	1832.9	1844.38	1829.72	1843.16
2022.01.25	1842.85	1853.9	1834.94	1847.69
2022.01.26	1847.49	1850.06	1815.03	1818.84
2022.01.27	1819.89	1822.12	1791.84	1796.7
2022.01.28	1797.3	1799.42	1780.3	1791.58
2022.01.31	1788.96	1799.89	1785.57	1796.88
2022.02.01	1797.51	1808.79	1795.77	1800.9
2022.02.02	1801.02	1810.77	1794.51	1806.86
2022.02.03	1806.94	1808.93	1788.66	1804.88
2022.02.04	1804.8	1814.88	1792.14	1807.84
2022.02.07	1808.53	1823.54	1807.84	1820.48
2022.02.08	1821.2	1828.75	1815.43	1826.03
2022.02.09	1825.75	1835.8	1824.73	1832.87
2022.02.10	1832.74	1841.92	1821.68	1826.75
2022.02.11	1827.28	1865.45	1820.92	1858.98
2022.02.14	1855.86	1874.16	1850.82	1871.74
2022.02.15	1870.57	1879.51	1844.49	1853.36
2022.02.16	1853.83	1872.57	1850.33	1869.0
2022.02.17	1869.85	1901.13	1867.81	1898.25
2022.02.18	1898.69	1902.51	1886.58	1897.34
2022.02.21	1902.54	1908.26	1887.62	1903.46
2022.02.22	1912.0	1913.98	1891.38	1898.5
2022.02.23	1898.91	1910.49	1889.62	1908.08
2022.02.24	1909.79	1974.52	1878.0	1903.77
2022.02.25	1906.5	1921.42	1882.86	1888.25
2022.02.28	1919.79	1926.69	1890.86	1908.26
2022.03.01	1908.3	1950.17	1901.39	1945.17
2022.03.02	1942.98	1947.87	1913.42	1927.61
2022.03.03	1929.27	1941.18	1922.08	1936.62
2022.03.04	1936.72	1970.19	1929.56	1969.74
2022.03.07	1980.67	2002.61	1961.03	1997.24
2022.03.08	1997.23	2070.3	1981.08	2050.15
2022.03.09	2050.01	2059.24	1976.04	1992.39
2022.03.10	1991.87	2009.1	1970.26	1996.01
2022.03.11	1997.35	1998.88	1958.56	1985.22
2022.03.14	1979.73	1983.64	1949.7	1951.44
2022.03.15	1953.28	1954.5	1907.05	1917.56
2022.03.16	1920.11	1929.49	1895.01	1924.83
2022.03.17	1925.74	1949.74	1923.35	1942.56
2022.03.18	1942.17	1945.36	1917.97	1920.74
2022.03.21	1925.11	1941.02	1917.69	1934.91
2022.03.22	1936.13	1938.35	1910.67	1921.53
2022.03.23	1921.25	1948.28	1915.51	1944.86
2022.03.24	1944.37	1966.2	1937.54	1956.95
2022.03.25	1958.89	1964.37	1943.2	1957.24
2022.03.28	1955.63	1958.52	1917.02	1921.82
2022.03.29	1922.35	1929.36	1890.02	1919.31
2022.03.30	1920.13	1938.45	1915.81	1933.13
2022.03.31	1933.15	1949.76	1919.1	1936.88
2022.04.01	1937.15	1939.6	1918.06	1924.09
2022.04.04	1924.07	1936.82	1915.5	1932.72
2022.04.05	1932.48	1944.58	1917.97	1923.62
2022.04.06	1923.02	1933.41	1915.15	1925.61
2022.04.07	1924.08	1937.72	1920.47	1931.25
2022.04.08	1931.72	1948.13	1927.67	1946.4
2022.04.11	1947.6	1969.78	1940.0	1954.81
2022.04.12	1952.27	1978.68	1949.81	1966.38
2022.04.13	1966.8	1981.59	1962.81	1977.76
2022.04.14	1977.13	1980.35	1960.38	1973.19
2022.04.18	1972.39	1998.43	1971.66	1978.71
2022.04.19	1977.54	1982.0	1943.81	1949.19
2022.04.20	1949.81	1958.33	1939.32	1957.63
2022.04.21	1956.03	1957.32	1936.84	1951.74
2022.04.22	1950.28	1955.63	1926.68	1931.91
2022.04.25	1932.72	1934.26	1891.43	1897.67
2022.04.26	1898.55	1911.27	1895.77	1906.14
2022.04.27	1906.03	1907.03	1881.42	1885.53
2022.04.28	1885.48	1896.72	1872.04	1894.22
2022.04.29	1895.11	1919.83	1892.48	1896.42
2022.05.02	1899.29	1899.86	1854.6	1863.21
2022.05.03	1863.44	1878.13	1850.38	1868.01
2022.05.04	1868.01	1889.81	1861.42	1881.75
2022.05.05	1881.9	1909.77	1872.57	1877.2
2022.05.06	1876.3	1892.56	1866.06	1882.37
2022.05.09	1883.46	1885.59	1851.63	1854.13
2022.05.10	1853.22	1865.39	1835.49	1838.24
2022.05.11	1838.98	1858.15	1831.97	1852.3
2022.05.12	1851.39	1858.77	1821.53	1821.94
2022.05.13	1822.63	1828.76	1799.06	1811.66
2022.05.16	1814.33	1826.89	1786.84	1824.79
2022.05.17	1824.95	1836.05	1812.86	1814.52
2022.05.18	1814.35	1824.71	1807.32	1817.35
2022.05.19	1816.31	1849.15	1810.96	1841.17
2022.05.20	1841.91	1849.44	1832.38	1845.71
2022.05.23	1847.95	1865.39	1843.32	1853.6
2022.05.24	1853.3	1869.67	1849.4	1866.14
2022.05.25	1865.24	1868.05	1842.05	1853.79
2022.05.26	1852.72	1854.37	1840.78	1850.85
2022.05.27	1850.63	1862.0	1847.96	1852.98
2022.05.30	1852.24	1863.96	1848.22	1855.1
2022.05.31	1856.03	1857.09	1835.1	1838.26
2022.06.01	1836.74	1850.02	1828.5	1846.64
2022.06.02	1847.13	1870.37	1844.13	1868.36
2022.06.03	1868.8	1874.09	1847.38	1851.16
2022.06.06	1850.56	1857.82	1839.84	1842.14
2022.06.07	1840.79	1855.52	1837.03	1852.01
2022.06.08	1852.56	1859.62	1844.61	1852.83
2022.06.09	1852.74	1855.32	1840.03	1847.94
2022.06.10	1847.73	1876.0	1825.13	1871.57
2022.06.13	1878.2	1878.78	1819.06	1819.11
2022.06.14	1815.05	1831.55	1805.17	1809.31
2022.06.15	1807.31	1841.82	1807.31	1833.77
2022.06.16	1833.07	1857.23	1815.32	1856.47
2022.06.17	1853.58	1853.62	1833.94	1840.39
2022.06.20	1835.91	1846.03	1834.48	1838.41
2022.06.21	1837.77	1843.63	1828.67	1833.41
2022.06.22	1832.38	1847.93	1823.48	1838.32
2022.06.23	1837.17	1846.04	1822.58	1823.25
2022.06.24	1823.83	1831.7	1816.92	1827.42
2022.06.27	1835.82	1841.03	1820.81	1822.75
2022.06.28	1822.65	1829.48	1818.37	1820.62
2022.06.29	1819.14	1833.07	1812.16	1818.25
2022.06.30	1817.97	1825.1	1802.75	1807.16
2022.07.01	1806.65	1809.32	1784.45	1808.94
2022.07.04	1811.41	1814.26	1803.99	1807.9
2022.07.05	1807.95	1812.13	1763.95	1764.58
2022.07.06	1766.12	1772.86	1732.25	1739.08
2022.07.07	1740.04	1749.12	1736.5	1740.09
2022.07.08	1740.59	1752.45	1732.95	1742.45
2022.07.11	1741.09	1744.51	1731.37	1734.02
2022.07.12	1733.57	1744.2	1723.23	1726.09
2022.07.13	1725.84	1745.42	1707.03	1735.49
2022.07.14	1735.68	1736.28	1697.61	1709.72
2022.07.15	1706.25	1716.62	1699.09	1707.32
2022.07.18	1706.71	1723.95	1705.94	1708.99
2022.07.19	1710.0	1718.42	1705.38	1711.56
2022.07.20	1711.46	1714.46	1692.46	1696.53
2022.07.21	1696.61	1720.32	1680.84	1718.2
2022.07.22	1717.99	1739.31	1712.9	1727.38
2022.07.25	1726.64	1736.28	1714.77	1719.64
2022.07.26	1719.11	1728.22	1713.66	1717.2
2022.07.27	1717.38	1740.32	1711.52	1734.33
2022.07.28	1734.4	1757.11	1734.06	1755.83
2022.07.29	1755.29	1767.93	1751.98	1766.0
2022.08.01	1764.75	1775.23	1758.37	1772.12
2022.08.02	1771.71	1788.06	1760.5	1761.04
2022.08.03	1761.28	1772.8	1754.34	1765.47
2022.08.04	1765.31	1794.95	1763.16	1791.13
2022.08.05	1790.95	1794.89	1764.98	1775.42
2022.08.08	1771.34	1790.01	1770.82	1788.98
2022.08.09	1788.78	1800.45	1783.23	1794.31
2022.08.10	1794.52	1807.87	1787.62	1792.19
2022.08.11	1792.05	1799.31	1783.59	1789.44
2022.08.12	1789.81	1802.11	1784.88	1801.62
2022.08.15	1801.9	1802.27	1772.98	1779.42
2022.08.16	1779.64	1783.09	1771.47	1775.46
2022.08.17	1775.74	1782.34	1759.8	1762.0
2022.08.18	1762.46	1772.4	1755.35	1758.38
2022.08.19	1758.94	1759.31	1745.54	1747.28
2022.08.22	1746.52	1749.06	1727.77	1736.15
2022.08.23	1735.77	1754.11	1730.82	1747.79
2022.08.24	1747.65	1755.9	1742.46	1751.29
2022.08.25	1751.41	1765.5	1749.98	1758.62
2022.08.26	1758.55	1758.82	1734.2	1738.08
2022.08.29	1735.95	1745.52	1720.31	1737.45
2022.08.30	1737.85	1740.55	1721.18	1724.23
2022.08.31	1723.38	1726.52	1709.57	1710.99
2022.09.01	1711.05	1711.39	1688.8	1697.55
2022.09.02	1697.58	1717.98	1694.99	1712.78
2022.09.05	1711.56	1715.75	1707.71	1710.07
2022.09.06	1710.63	1726.77	1699.85	1701.9
2022.09.07	1701.97	1719.39	1691.27	1718.27
2022.09.08	1718.58	1728.2	1703.96	1708.42
2022.09.09	1708.68	1729.41	1708.31	1716.85
2022.09.12	1718.58	1735.13	1711.95	1724.69
2022.09.13	1724.53	1731.82	1697.11	1702.32
2022.09.14	1701.26	1707.11	1693.67	1697.36
2022.09.15	1697.56	1698.24	1660.35	1664.56
2022.09.16	1664.71	1680.34	1654.16	1675.01
2022.09.19	1675.02	1680.0	1659.63	1675.71
2022.09.20	1675.9	1679.46	1660.0	1664.76
2022.09.21	1664.75	1688.03	1653.93	1673.73
2022.09.22	1671.24	1684.91	1655.67	1671.16
2022.09.23	1671.46	1675.92	1639.75	1644.87
2022.09.26	1643.9	1649.76	1621.17	1622.4
2022.09.27	1623.44	1642.45	1623.44	1629.16
2022.09.28	1629.88	1662.69	1614.81	1659.88
2022.09.29	1659.72	1664.87	1641.53	1660.52
2022.09.30	1660.92	1675.36	1659.24	1660.79
2022.10.03	1663.22	1701.51	1659.72	1699.62
2022.10.04	1698.7	1729.49	1695.24	1726.34
2022.10.05	1724.98	1727.8	1700.54	1716.25
2022.10.06	1716.16	1725.57	1706.96	1712.49
2022.10.07	1711.79	1714.83	1690.65	1694.8
2022.10.10	1696.55	1699.81	1665.71	1668.03
2022.10.11	1668.12	1683.97	1661.01	1666.1
2022.10.12	1666.28	1678.38	1661.38	1673.12
2022.10.13	1674.08	1682.46	1642.46	1666.19
2022.10.14	1666.16	1671.77	1640.19	1644.29
2022.10.17	1645.84	1668.46	1644.06	1650.57
2022.10.18	1650.47	1660.93	1645.83	1651.92
2022.10.19	1651.91	1654.5	1627.68	1629.01
2022.10.20	1629.24	1645.64	1622.43	1628.03
2022.10.21	1628.31	1657.74	1617.29	1657.33
2022.10.24	1659.8	1670.53	1644.01	1649.36
2022.10.25	1649.8	1662.43	1638.2	1653.08
2022.10.26	1652.18	1674.93	1649.68	1664.62
2022.10.27	1664.32	1670.83	1654.88	1663.26
2022.10.28	1662.6	1667.04	1638.05	1644.6
2022.10.31	1642.98	1645.65	1631.8	1633.56
2022.11.01	1632.86	1657.04	1630.65	1647.66
2022.11.02	1647.18	1669.33	1634.74	1635.07
2022.11.03	1634.5	1641.0	1616.72	1629.55
2022.11.04	1628.93	1681.72	1628.77	1680.79
2022.11.07	1674.4	1681.9	1666.9	1675.31
2022.11.08	1674.9	1716.88	1664.71	1712.33
2022.11.09	1712.23	1722.37	1702.2	1706.92
2022.11.10	1706.22	1757.19	1703.71	1755.48
2022.11.11	1753.59	1772.78	1747.3	1770.15
2022.11.14	1763.34	1775.09	1753.3	1771.09
2022.11.15	1770.64	1786.57	1767.13	1778.72
2022.11.16	1777.75	1785.06	1770.35	1773.79
2022.11.17	1773.67	1774.88	1754.51	1760.17
2022.11.18	1760.52	1767.72	1747.55	1750.97
2022.11.21	1751.15	1752.95	1732.54	1737.75
2022.11.22	1738.85	1749.74	1737.08	1739.97
2022.11.23	1739.97	1753.39	1727.31	1749.4
2022.11.24	1749.69	1758.61	1748.67	1755.38
2022.11.25	1754.86	1761.24	1746.05	1754.65
2022.11.28	1754.28	1763.76	1739.63	1741.5
2022.11.29	1740.06	1759.05	1740.06	1749.67
2022.11.30	1749.36	1769.99	1744.91	1768.39
2022.12.01	1769.08	1804.12	1768.56	1802.86
2022.12.02	1802.12	1804.52	1778.49	1797.98
2022.12.05	1795.99	1810.01	1765.85	1768.65
2022.12.06	1768.18	1780.86	1767.27	1770.99
2022.12.07	1770.95	1790.52	1768.74	1785.98
2022.12.08	1785.83	1794.83	1781.45	1788.98
2022.12.09	1789.67	1806.14	1788.44	1797.46
2022.12.12	1796.94	1796.94	1777.63	1781.27
2022.12.13	1781.28	1824.52	1780.86	1810.51
2022.12.14	1810.66	1814.22	1795.64	1807.2
2022.12.15	1807.07	1808.6	1773.75	1776.8
2022.12.16	1776.64	1794.27	1774.25	1793.1
2022.12.19	1792.62	1798.73	1783.79	1787.65
2022.12.20	1787.5	1821.12	1784.61	1817.67
2022.12.21	1817.81	1823.84	1811.85	1814.15
2022.12.22	1813.92	1820.43	1784.67	1792.4
2022.12.23	1793.44	1803.22	1791.18	1798.51
2022.12.27	1800.08	1833.63	1799.76	1813.47
2022.12.28	1814.12	1814.62	1797.04	1804.21
2022.12.29	1804.29	1820.24	1803.78	1814.79
2022.12.30	1814.66	1826.04	1813.39	1823.55
2023.01.03	1826.57	1849.99	1823.52	1839.47
2023.01.04	1838.76	1865.12	1836.18	1854.68
2023.01.05	1854.48	1859.03	1825.11	1832.92
2023.01.06	1832.3	1869.87	1831.31	1866.03
2023.01.09	1867.72	1881.58	1866.44	1871.67
2023.01.10	1870.99	1880.77	1867.72	1876.91
2023.01.11	1876.99	1886.63	1867.15	1875.65
2023.01.12	1874.97	1901.61	1874.63	1896.75
2023.01.13	1895.74	1921.89	1892.32	1920.29
2023.01.16	1919.0	1928.96	1910.85	1915.45
2023.01.17	1915.04	1919.0	1903.82	1908.59
2023.01.18	1908.23	1925.89	1896.59	1904.16
2023.01.19	1904.0	1935.17	1900.98	1932.12
2023.01.20	1931.65	1937.54	1920.69	1925.92
2023.01.23	1925.87	1935.59	1911.4	1930.85
2023.01.24	1930.9	1942.53	1917.17	1937.26
2023.01.25	1937.06	1948.06	1919.88	1946.08
2023.01.26	1946.48	1949.09	1918.62	1928.94
2023.01.27	1928.31	1935.11	1916.59	1928.3
2023.01.30	1927.19	1934.5	1920.69	1923.23
2023.01.31	1923.0	1931.15	1900.82	1928.1
2023.02.01	1928.01	1954.54	1920.54	1950.06
2023.02.02	1951.47	1959.68	1911.3	1912.6
2023.02.03	1911.94	1918.6	1861.44	1865.81
2023.02.06	1862.02	1881.38	1861.98	1867.65
2023.02.07	1867.53	1884.4	1864.99	1873.63
2023.02.08	1873.92	1886.36	1869.03	1875.55
2023.02.09	1875.15	1890.31	1858.91	1861.59
2023.02.10	1862.86	1872.23	1852.8	1865.35
2023.02.13	1864.68	1866.58	1850.47	1853.41
2023.02.14	1853.67	1870.66	1843.29	1854.36
2023.02.15	1853.97	1860.11	1830.45	1835.85
2023.02.16	1836.32	1845.3	1827.64	1836.43
2023.02.17	1836.43	1843.6	1818.9	1842.54
2023.02.20	1840.89	1847.48	1837.29	1841.26
2023.02.21	1841.44	1843.84	1830.23	1834.87
2023.02.22	1834.74	1846.03	1823.55	1825.2
2023.02.23	1825.76	1833.78	1817.46	1822.27
2023.02.24	1822.47	1827.82	1808.93	1810.82
2023.02.27	1812.62	1820.18	1806.69	1817.25
2023.02.28	1817.16	1831.18	1804.69	1826.5
2023.03.01	1826.61	1844.55	1823.08	1836.56
2023.03.02	1837.16	1839.01	1829.99	1835.6
2023.03.03	1836.22	1856.32	1836.07	1855.3
2023.03.06	1854.2	1858.27	1845.12	1846.61
2023.03.07	1846.4	1851.66	1812.69	1813.05
2023.03.08	1813.94	1824.3	1809.41	1813.72
2023.03.09	1814.14	1835.68	1811.94	1830.77
2023.03.10	1831.38	1870.18	1827.75	1867.15
2023.03.13	1886.16	1914.62	1871.55	1913.56
2023.03.14	1912.32	1914.15	1895.42	1903.86
2023.03.15	1904.54	1937.36	1885.75	1918.01
2023.03.16	1919.3	1933.51	1907.58	1919.34
2023.03.17	1919.46	1988.17	1918.26	1988.17
2023.03.20	1986.7	2009.8	1965.83	1978.64
2023.03.21	1978.91	1985.19	1935.44	1940.53
2023.03.22	1939.76	1979.19	1934.27	1969.79
2023.03.23	1969.68	2003.33	1964.41	1993.97
2023.03.24	1993.8	2002.96	1975.15	1978.81
2023.03.27	1977.94	1978.74	1944.04	1956.35
2023.03.28	1956.64	1975.32	1949.15	1973.52
2023.03.29	1973.64	1974.28	1958.68	1964.37
2023.03.30	1963.36	1984.37	1955.22	1980.21
2023.03.31	1980.34	1987.63	1966.89	1969.41
2023.04.03	1967.06	1990.54	1949.76	1984.35
2023.04.04	1984.24	2025.0	1977.01	2020.53
2023.04.05	2021.09	2032.26	2009.9	2020.66
2023.04.06	2020.75	2021.4	2000.84	2007.32
2023.04.10	1997.3	2006.29	1981.72	1991.18
2023.04.11	1991.07	2007.44	1988.82	2003.52
2023.04.12	2003.14	2028.35	2001.39	2014.77
2023.04.13	2014.44	2048.67	2013.95	2040.1
2023.04.14	2040.17	2047.47	1992.4	2004.42
2023.04.17	1999.29	2015.05	1981.18	1995.08
2023.04.18	1994.76	2011.82	1991.19	2005.21
2023.04.19	2005.1	2008.2	1969.18	1994.67
2023.04.20	1994.35	2012.39	1990.5	2004.7
2023.04.21	2004.2	2005.53	1971.59	1982.84
2023.04.24	1982.38	1990.79	1974.13	1989.05
2023.04.25	1989.18	2003.85	1976.09	1997.06
2023.04.26	1996.86	2009.43	1983.37	1989.29
2023.04.27	1989.84	2003.34	1974.22	1987.74
2023.04.28	1987.48	1995.04	1976.15	1989.55
2023.05.01	1989.54	2006.0	1977.09	1982.44
2023.05.02	1982.12	2019.41	1978.49	2016.53
2023.05.03	2016.03	2040.37	2007.78	2038.52
2023.05.04	2064.37	2066.81	2030.38	2050.15
2023.05.05	2049.01	2053.0	1999.51	2016.54
2023.05.08	2017.12	2029.42	2014.07	2021.36
2023.05.09	2021.17	2037.62	2019.51	2034.42
2023.05.10	2034.4	2048.18	2021.55	2030.1
2023.05.11	2029.86	2041.29	2011.04	2014.95
2023.05.12	2015.12	2022.59	2000.89	2010.91
2023.05.15	2008.04	2022.21	2007.28	2016.32
2023.05.16	2016.54	2018.32	1985.19	1988.81
2023.05.17	1988.89	1993.04	1974.98	1981.41
2023.05.18	1981.6	1986.01	1951.98	1957.39
2023.05.19	1958.11	1984.18	1954.02	1977.5
2023.05.22	1977.99	1982.59	1968.87	1971.73
2023.05.23	1971.88	1977.78	1954.24	1974.88
2023.05.24	1975.21	1985.29	1956.71	1957.24
2023.05.25	1958.43	1964.77	1938.84	1940.69
2023.05.26	1941.49	1957.3	1936.76	1946.72
2023.05.29	1942.84	1949.71	1940.22	1943.15
2023.05.30	1943.68	1963.55	1932.05	1959.17
2023.05.31	1958.88	1974.79	1953.68	1962.6
2023.06.01	1963.16	1983.1	1953.39	1977.4
2023.06.02	1976.96	1983.48	1947.5	1947.62
2023.06.05	1947.68	1964.03	1938.13	1961.7
2023.06.06	1961.56	1966.4	1954.39	1963.23
2023.06.07	1963.51	1970.18	1939.77	1939.87
2023.06.08	1940.31	1970.5	1940.12	1965.44
2023.06.09	1965.68	1973.1	1956.64	1960.46
2023.06.12	1960.21	1966.97	1949.2	1957.34
2023.06.13	1957.0	1971.13	1940.05	1943.44
2023.06.14	1943.21	1960.27	1939.61	1941.74
2023.06.15	1942.55	1960.26	1924.7	1957.96
2023.06.16	1957.12	1967.93	1953.28	1957.51
2023.06.19	1957.62	1958.76	1947.78	1950.48
2023.06.20	1950.6	1956.79	1929.78	1936.08
2023.06.21	1935.44	1939.45	1919.19	1932.43
2023.06.22	1931.67	1934.82	1912.18	1913.64
2023.06.23	1913.66	1937.47	1909.99	1920.53
2023.06.26	1925.15	1933.36	1921.56	1923.14
2023.06.27	1923.39	1930.69	1910.86	1913.62
2023.06.28	1914.38	1917.14	1902.79	1907.28
2023.06.29	1907.49	1913.13	1892.95	1908.25
2023.06.30	1908.54	1922.8	1900.56	1919.17
2023.07.03	1918.6	1930.98	1909.97	1921.48
2023.07.04	1921.28	1930.75	1919.74	1925.89
2023.07.05	1925.84	1935.05	1914.74	1915.21
2023.07.06	1916.2	1927.59	1902.59	1910.93
2023.07.07	1910.59	1934.97	1909.45	1925.31
2023.07.10	1924.76	1928.06	1912.69	1925.28
2023.07.11	1925.14	1938.47	1924.35	1932.09
2023.07.12	1932.32	1959.7	1932.14	1957.35
2023.07.13	1957.14	1963.65	1952.38	1960.39
2023.07.14	1960.2	1963.78	1950.93	1955.45
2023.07.17	1955.47	1959.85	1945.77	1954.92
2023.07.18	1954.69	1984.36	1954.53	1978.73
2023.07.19	1978.93	1980.93	1969.69	1976.97
2023.07.20	1977.33	1987.43	1965.36	1969.5
2023.07.21	1970.2	1973.8	1956.81	1961.84
2023.07.24	1962.41	1967.88	1953.47	1954.87
2023.07.25	1955.2	1965.69	1951.74	1964.85
2023.07.26	1964.93	1978.32	1962.0	1972.27
2023.07.27	1971.43	1982.23	1942.57	1945.52
2023.07.28	1946.81	1963.56	1945.35	1959.15
2023.07.31	1959.58	1972.39	1950.87	1965.52
2023.08.01	1965.68	1965.98	1941.26	1944.19
2023.08.02	1949.98	1954.84	1932.94	1934.87
2023.08.03	1935.38	1938.88	1929.51	1933.98
2023.08.04	1934.62	1946.95	1925.53	1942.65
2023.08.07	1942.75	1946.72	1931.53	1936.52
2023.08.08	1936.21	1938.06	1922.73	1925.22
2023.08.09	1925.02	1932.34	1913.98	1914.7
2023.08.10	1914.71	1930.14	1912.1	1912.33
2023.08.11	1912.57	1920.95	1910.77	1913.62
2023.08.14	1913.35	1916.24	1902.69	1907.42
2023.08.15	1907.17	1911.65	1896.35	1901.85
2023.08.16	1901.65	1907.22	1891.85	1891.92
2023.08.17	1892.05	1903.49	1885.04	1889.33
2023.08.18	1889.45	1896.91	1886.76	1889.37
2023.08.21	1889.66	1898.78	1884.81	1894.67
2023.08.22	1894.68	1904.53	1889.11	1897.38
2023.08.23	1897.19	1920.38	1897.18	1915.38
2023.08.24	1915.38	1923.4	1911.77	1916.69
2023.08.25	1917.05	1922.45	1903.78	1914.21
2023.08.28	1914.86	1926.07	1912.77	1920.06
2023.08.29	1919.96	1938.2	1914.44	1937.32
2023.08.30	1937.3	1949.07	1934.95	1942.42
2023.08.31	1942.6	1947.91	1939.01	1940.06
2023.09.01	1940.01	1953.02	1934.4	1939.85
2023.09.04	1940.41	1946.28	1936.79	1938.47
2023.09.05	1938.41	1938.99	1925.36	1925.97
2023.09.06	1926.11	1929.19	1915.31	1916.42
2023.09.07	1917.07	1923.58	1916.25	1919.62
2023.09.08	1919.61	1929.7	1917.35	1919.13
2023.09.11	1920.36	1930.77	1916.47	1922.33
2023.09.12	1922.77	1924.48	1907.59	1913.34
2023.09.13	1913.23	1915.77	1905.51	1908.15
2023.09.14	1908.72	1912.91	1901.02	1910.51
2023.09.15	1910.89	1930.43	1909.71	1923.68
2023.09.18	1923.42	1934.23	1922.52	1933.61
2023.09.19	1933.54	1937.41	1929.75	1931.34
2023.09.20	1931.67	1947.42	1927.95	1930.36
2023.09.21	1930.34	1931.6	1913.9	1919.94
2023.09.22	1919.87	1929.12	1919.58	1925.25
2023.09.25	1925.07	1927.22	1915.11	1915.78
2023.09.26	1916.16	1916.81	1899.12	1900.58
2023.09.27	1900.58	1903.92	1872.55	1874.99
2023.09.28	1876.14	1879.58	1857.66	1864.8
2023.09.29	1865.15	1879.88	1846.33	1848.74
2023.10.02	1846.45	1848.93	1827.14	1827.77
2023.10.03	1828.97	1833.38	1815.25	1822.94
2023.10.04	1823.35	1830.79	1816.58	1821.1
2023.10.05	1821.26	1829.2	1813.01	1820.24
2023.10.06	1820.41	1834.9	1810.47	1831.84
2023.10.09	1847.52	1863.49	1844.23	1861.35
2023.10.10	1861.18	1865.37	1853.0	1860.42
2023.10.11	1859.96	1877.2	1858.61	1874.27
2023.10.12	1874.63	1885.12	1867.91	1868.73
2023.10.13	1869.07	1932.41	1868.94	1932.41
2023.10.16	1925.94	1927.68	1908.2	1920.06
2023.10.17	1919.98	1931.57	1912.41	1923.05
2023.10.18	1923.91	1962.67	1923.28	1947.62
2023.10.19	1947.76	1977.73	1945.25	1974.28
2023.10.20	1973.4	1997.21	1972.04	1980.9
2023.10.23	1968.07	1982.81	1964.38	1972.74
2023.10.24	1973.1	1980.87	1953.49	1971.03
2023.10.25	1970.88	1987.28	1962.96	1979.45
2023.10.26	1980.76	1993.44	1971.63	1984.73
2023.10.27	1984.49	2009.47	1976.78	2005.91
2023.10.30	2004.9	2006.74	1990.96	1996.15
2023.10.31	1995.67	2007.93	1978.88	1983.97
2023.11.01	1983.46	1992.03	1969.88	1982.67
2023.11.02	1983.42	1991.08	1978.84	1985.77
2023.11.03	1985.89	2004.11	1983.17	1992.52
2023.11.06	1992.43	1993.16	1977.42	1977.82
2023.11.07	1977.93	1978.34	1956.71	1969.03
2023.11.08	1968.67	1971.04	1947.44	1950.2
2023.11.09	1949.95	1965.64	1944.51	1958.41
2023.11.10	1958.42	1960.81	1933.06	1938.62
2023.11.13	1938.42	1949.22	1931.6	1946.1
2023.11.14	1946.1	1970.87	1943.76	1963.16
2023.11.15	1962.79	1975.34	1955.37	1959.19
2023.11.16	1960.04	1987.91	1956.41	1981.1
2023.11.17	1980.89	1993.36	1978.53	1980.56
2023.11.20	1978.11	1985.15	1965.4	1977.65
2023.11.21	1977.92	2007.53	1977.8	1998.26
2023.11.22	1998.61	2006.43	1986.86	1989.81
2023.11.23	1989.2	1998.52	1989.18	1992.78
2023.11.24	1992.95	2003.58	1991.45	2002.33
2023.11.27	2002.12	2018.12	2000.38	2014.18
2023.11.28	2013.84	2042.98	2011.49	2041.07
2023.11.29	2041.36	2051.99	2035.42	2044.12
2023.11.30	2044.56	2047.25	2031.01	2036.09
2023.12.01	2036.83	2075.36	2033.91	2071.63
2023.12.04	2072.6	2144.77	2020.13	2028.89
2023.12.05	2030.21	2041.17	2009.8	2019.36
2023.12.06	2019.91	2035.86	2017.21	2025.26
2023.12.07	2026.3	2039.94	2020.18	2028.54
2023.12.08	2028.51	2033.98	1994.58	2004.04
2023.12.11	2005.36	2007.71	1975.78	1981.69
2023.12.12	1982.0	1996.68	1977.21	1979.3
2023.12.13	1980.1	2027.79	1973.0	2027.23
2023.12.14	2025.48	2047.9	2024.35	2036.2
2023.12.15	2036.28	2044.95	2015.48	2019.02
2023.12.18	2019.56	2033.77	2015.86	2027.21
2023.12.19	2027.32	2047.03	2021.62	2040.13
2023.12.20	2040.05	2043.56	2027.27	2031.31
2023.12.21	2032.05	2046.12	2031.39	2045.78
2023.12.22	2045.87	2070.7	2045.87	2052.75
2023.12.26	2053.23	2069.05	2052.97	2067.44
2023.12.27	2068.19	2084.51	2061.32	2077.49
2023.12.28	2077.46	2088.51	2064.37	2065.25
2023.12.29	2066.27	2074.87	2058.07	2063.03
2024.01.02	2062.91	2078.99	2055.82	2058.91
2024.01.03	2059.16	2066.05	2030.49	2041.27
2024.01.04	2041.88	2051.04	2036.1	2043.28
2024.01.05	2043.81	2064.07	2024.34	2045.3
2024.01.08	2044.65	2046.55	2016.61	2028.18
2024.01.09	2028.22	2042.09	2025.95	2030.21
2024.01.10	2030.36	2040.37	2020.31	2024.32
2024.01.11	2024.06	2045.8	2013.16	2028.54
2024.01.12	2029.2	2062.33	2028.73	2048.81
2024.01.15	2047.9	2058.66	2045.68	2054.6
2024.01.16	2054.62	2055.59	2024.19	2028.22
2024.01.17	2028.29	2033.0	2001.68	2006.11
2024.01.18	2005.62	2023.31	2005.62	2022.93
2024.01.19	2024.39	2039.5	2020.26	2029.33
2024.01.22	2029.7	2032.19	2016.42	2021.62
2024.01.23	2021.96	2037.98	2019.51	2029.23
2024.01.24	2029.02	2036.78	2011.06	2013.5
2024.01.25	2014.3	2025.44	2009.47	2020.7
2024.01.26	2020.26	2026.75	2015.81	2018.49
2024.01.29	2024.05	2037.46	2019.18	2032.7
2024.01.30	2032.92	2048.64	2028.96	2036.87
2024.01.31	2036.95	2056.07	2030.79	2039.2
2024.02.01	2038.97	2065.54	2029.93	2054.98
2024.02.02	2054.88	2057.73	2027.73	2039.57
2024.02.05	2040.01	2042.29	2014.76	2025.03
2024.02.06	2024.76	2038.96	2022.77	2035.86
2024.02.07	2036.04	2044.64	2030.5	2035.0
2024.02.08	2035.64	2038.7	2020.08	2034.33
2024.02.09	2034.61	2037.28	2020.2	2024.26
2024.02.12	2024.15	2027.59	2011.75	2019.94
2024.02.13	2019.73	2031.91	1989.97	1992.95
2024.02.14	1993.44	1996.12	1984.03	1992.1
2024.02.15	1992.32	2008.38	1990.09	2004.25
2024.02.16	2004.12	2015.24	1995.19	2013.18
2024.02.19	2014.69	2023.04	2011.38	2017.91
2024.02.20	2018.09	2030.94	2014.87	2024.23
2024.02.21	2024.11	2032.27	2020.05	2025.97
2024.02.22	2025.61	2034.86	2019.48	2024.27
2024.02.23	2024.37	2041.39	2015.92	2035.52
2024.02.26	2034.32	2037.1	2024.94	2031.16
2024.02.27	2031.45	2039.51	2028.63	2030.38
2024.02.28	2030.71	2037.94	2024.38	2034.37
2024.02.29	2034.37	2050.78	2027.97	2044.12
2024.03.01	2043.77	2088.38	2038.92	2083.26
2024.03.04	2082.51	2119.94	2079.37	2114.27
2024.03.05	2114.59	2141.81	2110.43	2127.84
2024.03.06	2128.0	2152.27	2123.59	2148.03
2024.03.07	2148.94	2164.76	2144.2	2159.93
2024.03.08	2159.28	2195.22	2153.96	2178.55
2024.03.11	2181.21	2189.03	2174.72	2182.65
2024.03.12	2182.17	2184.76	2150.5	2158.13
2024.03.13	2158.0	2179.85	2155.72	2174.32
2024.03.14	2174.54	2176.97	2152.75	2162.19
2024.03.15	2162.32	2172.71	2155.17	2155.82
2024.03.18	2153.03	2163.58	2146.08	2160.26
2024.03.19	2160.11	2162.77	2147.14	2157.48
2024.03.20	2157.7	2188.77	2149.61	2186.24
2024.03.21	2187.18	2222.65	2166.43	2181.25
2024.03.22	2181.51	2186.03	2157.09	2165.27
2024.03.25	2165.9	2181.26	2163.5	2171.73
2024.03.26	2171.6	2200.03	2167.57	2178.63
2024.03.27	2178.08	2197.55	2172.87	2194.88
2024.03.28	2193.4	2236.18	2187.27	2232.88
2024.04.01	2241.94	2265.61	2228.51	2251.31
2024.04.02	2251.24	2281.01	2246.67	2280.53
2024.04.03	2279.92	2301.14	2265.42	2299.64
2024.04.04	2299.56	2305.56	2279.95	2290.95
2024.04.05	2291.03	2330.44	2267.75	2329.28
2024.04.08	2324.16	2353.84	2302.9	2338.82
2024.04.09	2338.74	2365.28	2336.97	2352.22
2024.04.10	2352.62	2360.03	2319.43	2333.55
2024.04.11	2334.0	2377.64	2325.85	2372.41
2024.04.12	2371.47	2431.44	2333.86	2344.22
2024.04.15	2355.6	2387.51	2323.98	2383.1
2024.04.16	2382.38	2398.18	2362.99	2382.85
2024.04.17	2382.53	2395.53	2354.54	2361.16
2024.04.18	2361.37	2392.76	2361.37	2378.86
2024.04.19	2379.14	2417.83	2372.91	2390.63
2024.04.22	2389.8	2389.8	2324.47	2327.25
2024.04.23	2327.71	2334.34	2291.39	2322.11
2024.04.24	2322.44	2337.19	2311.78	2315.96
2024.04.25	2315.96	2344.8	2304.8	2332.37
2024.04.26	2332.35	2352.5	2326.17	2337.78
2024.04.29	2337.22	2346.63	2320.04	2335.36
2024.04.30	2335.31	2336.23	2285.04	2286.3
2024.05.01	2286.76	2328.2	2281.63	2319.48
2024.05.02	2321.02	2326.43	2285.5	2303.51
2024.05.03	2303.93	2320.59	2277.38	2301.67
2024.05.06	2304.58	2331.99	2291.79	2323.76
2024.05.07	2324.06	2329.88	2310.01	2313.83
2024.05.08	2314.22	2321.32	2303.72	2308.83
2024.05.09	2308.69	2347.17	2306.73	2346.02
2024.05.10	2346.33	2378.32	2345.04	2360.47
2024.05.13	2361.9	2364.42	2332.11	2336.14
2024.05.14	2336.13	2359.61	2334.84	2358.0
2024.05.15	2358.02	2390.23	2351.84	2385.76
2024.05.16	2385.6	2397.25	2371.02	2376.72
2024.05.17	2377.11	2422.74	2374.05	2413.84
2024.05.20	2418.33	2450.07	2407.4	2426.22
2024.05.21	2426.3	2433.83	2406.43	2420.88
2024.05.22	2421.44	2426.59	2375.06	2378.58
2024.05.23	2379.66	2383.66	2326.68	2328.55
2024.05.24	2328.95	2347.37	2325.46	2333.86
2024.05.27	2338.09	2358.52	2331.68	2350.08
2024.05.28	2351.47	2364.14	2340.32	2361.13
2024.05.29	2360.95	2362.66	2334.61	2338.0
2024.05.30	2337.88	2351.77	2322.74	2342.98
2024.05.31	2344.26	2359.8	2320.6	2327.46
2024.06.03	2328.79	2354.76	2314.77	2350.45
2024.06.04	2351.9	2352.83	2315.62	2326.79
2024.06.05	2326.69	2357.41	2325.92	2355.13
2024.06.06	2356.8	2378.5	2353.44	2375.68
2024.06.07	2376.34	2387.69	2286.71	2293.38
2024.06.10	2294.71	2313.84	2287.78	2310.86
2024.06.11	2312.03	2319.94	2297.75	2316.73
2024.06.12	2317.07	2341.66	2310.75	2324.88
2024.06.13	2324.83	2326.67	2295.67	2303.85
2024.06.14	2304.18	2336.59	2301.62	2332.6
2024.06.17	2331.47	2332.87	2310.03	2318.96
2024.06.18	2319.05	2333.11	2306.64	2329.34
2024.06.19	2329.3	2335.06	2323.92	2327.98
2024.06.20	2329.07	2365.46	2327.81	2360.02
2024.06.21	2360.71	2368.73	2316.7	2321.42
2024.06.24	2321.36	2334.68	2317.73	2334.43
2024.06.25	2334.29	2337.13	2315.54	2319.51
2024.06.26	2319.35	2323.72	2293.67	2298.06
2024.06.27	2298.36	2330.91	2296.54	2327.48
2024.06.28	2328.03	2339.75	2319.06	2326.4
2024.07.01	2326.9	2338.53	2318.5	2331.72
2024.07.02	2331.75	2336.78	2319.12	2329.35
2024.07.03	2329.55	2364.92	2326.82	2356.07
2024.07.04	2356.17	2362.52	2350.64	2356.1
2024.07.05	2357.21	2392.91	2352.3	2391.06
2024.07.08	2386.21	2391.13	2351.14	2359.09
2024.07.09	2359.35	2371.33	2349.29	2363.73
2024.07.10	2364.12	2386.61	2362.19	2371.26
2024.07.11	2371.03	2424.54	2370.44	2415.3
2024.07.12	2415.29	2418.17	2391.44	2411.59
2024.07.15	2411.51	2439.67	2401.32	2422.23
2024.07.16	2422.14	2469.65	2420.01	2468.69
2024.07.17	2468.66	2483.54	2451.36	2458.66
2024.07.18	2458.51	2474.8	2440.23	2445.08
2024.07.19	2445.65	2445.67	2393.71	2400.3
2024.07.22	2401.79	2412.04	2383.71	2396.35
2024.07.23	2396.71	2411.91	2388.17	2409.62
2024.07.24	2408.65	2431.9	2396.72	2397.23
2024.07.25	2397.05	2401.11	2352.97	2364.49
2024.07.26	2364.05	2390.68	2355.7	2387.34
2024.07.29	2388.7	2403.05	2369.54	2383.5
2024.07.30	2383.83	2412.64	2376.36	2410.92
2024.07.31	2410.98	2450.8	2403.76	2447.24
2024.08.01	2448.53	2462.17	2430.12	2446.3
2024.08.02	2446.24	2477.61	2410.72	2441.38
2024.08.05	2444.61	2458.65	2364.06	2409.96
2024.08.06	2410.23	2418.23	2381.48	2389.85
2024.08.07	2391.58	2406.9	2378.94	2383.06
2024.08.08	2381.01	2427.53	2380.95	2427.18
2024.08.09	2427.07	2436.93	2416.78	2431.07
2024.08.12	2429.26	2473.16	2423.75	2472.03
2024.08.13	2471.08	2476.82	2458.4	2464.98
2024.08.14	2465.65	2479.7	2437.98	2447.92
2024.08.15	2447.5	2469.95	2432.09	2456.24
2024.08.16	2455.96	2509.61	2450.64	2507.46
2024.08.19	2508.41	2510.06	2485.54	2504.23
2024.08.20	2503.42	2531.53	2497.23	2514.01
2024.08.21	2513.79	2519.84	2493.81	2512.3
2024.08.22	2511.93	2514.56	2470.73	2484.73
2024.08.23	2484.81	2518.23	2484.33	2511.93
2024.08.26	2511.56	2526.7	2508.63	2517.91
2024.08.27	2518.06	2525.84	2503.45	2524.59
2024.08.28	2524.56	2528.9	2493.55	2504.67
2024.08.29	2504.55	2528.6	2503.55	2521.09
2024.08.30	2521.13	2526.75	2494.06	2503.35
2024.09.02	2502.34	2507.18	2489.94	2499.46
2024.09.03	2499.89	2506.18	2473.39	2492.86
2024.09.04	2493.05	2500.15	2471.77	2495.44
2024.09.05	2495.24	2523.31	2493.72	2516.63
2024.09.06	2516.84	2529.08	2485.02	2497.61
2024.09.09	2497.09	2507.04	2485.44	2506.22
2024.09.10	2506.19	2518.32	2500.02	2516.54
2024.09.11	2516.55	2528.93	2500.85	2511.35
2024.09.12	2511.97	2559.98	2510.9	2558.6
2024.09.13	2558.54	2585.92	2556.61	2578.38
2024.09.16	2579.39	2589.56	2575.17	2582.42
2024.09.17	2582.09	2586.82	2560.69	2569.45
2024.09.18	2569.64	2600.04	2546.71	2559.27
2024.09.19	2558.73	2594.76	2550.94	2586.61
2024.09.20	2586.85	2625.65	2584.71	2622.26
2024.09.23	2619.54	2634.74	2613.78	2628.39
2024.09.24	2628.64	2664.24	2622.56	2656.99
2024.09.25	2657.43	2670.39	2649.61	2657.02
2024.09.26	2656.47	2685.44	2654.7	2672.23
2024.09.27	2672.24	2674.2	2643.04	2659.81
2024.09.30	2658.25	2665.9	2624.59	2634.53
2024.10.01	2634.35	2673.04	2632.13	2663.37
2024.10.02	2663.25	2663.26	2641.02	2658.67
2024.10.03	2658.51	2662.79	2636.9	2656.01
2024.10.04	2656.25	2670.15	2631.91	2653.57
2024.10.07	2649.56	2659.61	2637.74	2642.51
2024.10.08	2644.69	2652.96	2604.77	2621.85
2024.10.09	2621.6	2624.34	2605.21	2607.68
2024.10.10	2607.68	2631.52	2605.89	2630.05
2024.10.11	2629.75	2661.4	2628.02	2656.38
2024.10.14	2655.69	2666.77	2643.17	2648.52
2024.10.15	2648.48	2668.96	2638.33	2662.64
2024.10.16	2662.43	2685.24	2658.73	2673.64
2024.10.17	2673.91	2696.74	2673.15	2692.83
2024.10.18	2692.69	2722.6	2691.82	2721.91
2024.10.21	2720.16	2740.56	2714.27	2719.5
2024.10.22	2719.49	2748.86	2718.93	2748.81
2024.10.23	2748.27	2758.47	2708.78	2715.57
2024.10.24	2715.39	2743.19	2715.09	2735.84
2024.10.25	2735.83	2747.55	2717.02	2747.39
2024.10.28	2732.7	2745.92	2724.72	2742.24
2024.10.29	2741.97	2774.75	2739.8	2774.44
2024.10.30	2774.11	2790.05	2770.87	2787.21
2024.10.31	2787.85	2790.09	2731.64	2743.77
2024.11.01	2743.91	2762.26	2733.17	2735.84
2024.11.04	2738.13	2748.16	2730.55	2736.46
2024.11.05	2736.84	2749.88	2724.71	2743.72
2024.11.06	2743.32	2749.69	2652.44	2658.94
2024.11.07	2659.18	2710.27	2643.33	2706.24
2024.11.08	2705.81	2710.35	2680.35	2684.15
2024.11.11	2682.96	2686.22	2610.59	2619.3
2024.11.12	2619.5	2627.13	2589.81	2597.98
2024.11.13	2598.53	2618.81	2572.65	2572.7
2024.11.14	2574.82	2581.29	2536.77	2564.53
2024.11.15	2565.12	2576.05	2554.58	2561.78
2024.11.18	2564.94	2615.02	2564.79	2611.72
2024.11.19	2611.74	2639.4	2610.23	2632.11
2024.11.20	2632.0	2655.35	2618.91	2650.08
2024.11.21	2649.8	2673.47	2648.63	2669.41
2024.11.22	2669.66	2715.5	2668.21	2715.34
2024.11.25	2692.25	2721.31	2615.6	2625.46
2024.11.26	2625.01	2641.9	2604.86	2633.02
2024.11.27	2630.47	2658.2	2627.0	2635.95
2024.11.28	2637.8	2649.57	2620.92	2637.07
2024.11.29	2637.58	2666.37	2634.03	2650.33
2024.12.02	2652.01	2652.69	2621.86	2638.62
2024.12.03	2639.23	2655.56	2634.11	2643.5
2024.12.04	2643.29	2656.99	2632.31	2649.88
2024.12.05	2649.6	2655.54	2623.52	2631.66
2024.12.06	2631.76	2645.6	2612.32	2632.67
2024.12.09	2643.88	2676.32	2627.57	2660.18
2024.12.10	2660.85	2695.46	2657.93	2693.8
2024.12.11	2693.98	2721.07	2674.85	2717.95
2024.12.12	2717.58	2726.15	2675.03	2680.55
2024.12.13	2681.0	2692.77	2645.68	2648.8
2024.12.16	2650.72	2664.23	2643.52	2652.62
2024.12.17	2652.65	2658.57	2633.03	2646.4
2024.12.18	2646.32	2651.7	2583.62	2585.31
2024.12.19	2585.48	2626.42	2582.92	2594.39
2024.12.20	2594.75	2631.82	2589.69	2623.03
2024.12.23	2620.78	2633.22	2608.13	2612.77
2024.12.24	2613.12	2621.46	2610.02	2616.59
2024.12.26	2616.14	2639.14	2614.12	2633.53
2024.12.27	2635.7	2638.34	2611.69	2621.54
2024.12.30	2621.03	2628.13	2596.09	2605.96
2024.12.31	2605.71	2627.58	2602.59	2624.43
2025.01.02	2624.48	2660.46	2621.48	2657.98
2025.01.03	2658.34	2665.15	2636.51	2639.98
2025.01.06	2641.45	2649.45	2614.45	2635.77
2025.01.07	2636.09	2664.33	2632.98	2648.42
2025.01.08	2648.45	2670.0	2645.25	2661.44
2025.01.09	2661.31	2678.23	2655.51	2670.34
2025.01.10	2670.34	2698.01	2663.96	2688.96
2025.01.13	2690.19	2693.27	2656.84	2662.98
2025.01.14	2663.55	2678.38	2659.86	2677.37
2025.01.15	2678.38	2697.55	2669.39	2696.28
2025.01.16	2695.01	2724.76	2690.03	2714.26
2025.01.17	2714.44	2717.38	2698.47	2702.92
2025.01.20	2703.09	2713.76	2689.26	2706.7
2025.01.21	2708.28	2746.02	2702.81	2744.69
2025.01.22	2745.17	2763.45	2741.1	2756.18
2025.01.23	2756.17	2758.92	2735.58	2754.52
2025.01.24	2754.64	2785.94	2753.49	2771.48
2025.01.27	2769.76	2772.53	2730.48	2740.7
2025.01.28	2739.91	2765.11	2734.81	2763.17
2025.01.29	2763.23	2766.2	2744.76	2759.68
2025.01.30	2759.61	2798.49	2758.23	2794.06
2025.01.31	2795.08	2817.23	2791.02	2798.47
2025.02.03	2804.21	2830.4	2772.17	2814.75
2025.02.04	2814.62	2845.49	2807.19	2842.01
2025.02.05	2842.67	2882.49	2839.67	2867.02
2025.02.06	2864.94	2873.28	2834.1	2855.55
2025.02.07	2855.66	2886.68	2852.39	2861.3
2025.02.10	2857.21	2911.77	2854.81	2907.88
2025.02.11	2907.9	2942.58	2881.81	2897.53
2025.02.12	2898.02	2909.15	2863.54	2903.97
2025.02.13	2904.36	2929.5	2900.56	2928.34
2025.02.14	2927.64	2940.06	2877.03	2882.5
2025.02.17	2883.13	2906.4	2877.6	2899.45
2025.02.18	2898.61	2937.05	2891.98	2935.08
2025.02.19	2935.73	2947.05	2918.61	2932.99
2025.02.20	2933.46	2954.91	2924.26	2939.06
2025.02.21	2938.84	2949.59	2916.74	2935.89
2025.02.24	2934.65	2956.18	2921.33	2952.62
2025.02.25	2952.64	2953.79	2888.27	2914.82
2025.02.26	2915.14	2930.08	2890.77	2916.11
2025.02.27	2916.79	2920.76	2867.79	2877.12
2025.02.28	2877.11	2885.05	2832.57	2859.06
2025.03.03	2857.88	2895.29	2857.88	2892.99
2025.03.04	2892.44	2927.76	2881.99	2917.7
2025.03.05	2918.13	2930.06	2894.3	2919.13
2025.03.06	2919.67	2926.52	2891.12	2910.74
2025.03.07	2911.04	2930.33	2894.8	2911.94
2025.03.10	2912.72	2918.22	2880.28	2889.24
2025.03.11	2888.27	2922.03	2880.26	2915.5
2025.03.12	2915.81	2940.63	2905.97	2933.31
2025.03.13	2934.46	2989.1	2932.99	2988.8
2025.03.14	2989.38	3004.85	2978.45	2986.24
2025.03.17	2983.84	3001.99	2982.22	3001.02
2025.03.18	3000.79	3038.26	2999.56	3033.76
2025.03.19	3033.98	3051.84	3022.89	3047.16
2025.03.20	3048.35	3057.26	3025.52	3044.47
2025.03.21	3044.36	3047.39	2999.55	3022.94
2025.03.24	3023.36	3033.22	3002.46	3011.96
2025.03.25	3011.96	3035.95	3007.64	3019.81
2025.03.26	3019.69	3032.04	3012.45	3018.85
2025.03.27	3019.04	3059.56	3017.6	3056.42
2025.03.28	3056.31	3086.77	3053.75	3084.2
2025.03.31	3086.59	3127.94	3076.72	3123.96
2025.04.01	3123.22	3149.04	3100.87	3114.12
2025.04.02	3114.22	3142.05	3104.45	3132.12
2025.04.03	3140.28	3167.73	3054.08	3114.19
2025.04.04	3115.38	3136.58	3015.78	3037.34
2025.04.07	3008.13	3055.31	2956.26	2982.01
2025.04.08	2982.99	3022.73	2974.73	2981.96
2025.04.09	2982.88	3099.6	2970.07	3082.78
2025.04.10	3079.66	3176.45	3071.36	3175.39
2025.04.11	3176.0	3245.36	3176.0	3237.53
2025.04.14	3228.31	3245.69	3193.57	3210.46
2025.04.15	3211.57	3233.57	3210.01	3229.36
2025.04.16	3230.96	3342.94	3229.84	3342.85
2025.04.17	3343.19	3357.65	3283.84	3327.24
2025.04.21	3332.92	3430.5	3329.03	3424.4
2025.04.22	3425.06	3499.98	3366.78	3380.93
2025.04.23	3347.99	3386.58	3259.98	3288.12
2025.04.24	3289.07	3367.17	3288.83	3348.58
2025.04.25	3351.34	3370.76	3265.19	3318.62
2025.04.28	3325.67	3353.0	3268.19	3343.99
2025.04.29	3344.55	3348.67	3299.69	3317.2
2025.04.30	3313.72	3328.02	3267.13	3288.27
2025.05.01	3288.7	3290.21	3201.91	3237.89
2025.05.02	3240.43	3269.28	3222.78	3240.3
2025.05.05	3240.86	3337.54	3237.44	3333.96
2025.05.06	3336.06	3434.75	3323.52	3430.46
2025.05.07	3437.65	3437.85	3360.21	3364.44
2025.05.08	3365.74	3414.78	3288.75	3305.85
2025.05.09	3308.01	3347.53	3274.86	3327.15
2025.05.12	3291.47	3299.73	3207.74	3234.4
2025.05.13	3238.82	3265.43	3215.99	3249.98
2025.05.14	3249.67	3257.05	3168.03	3177.4
2025.05.15	3178.39	3240.5	3120.78	3239.64
2025.05.16	3238.34	3252.14	3154.35	3201.0
2025.05.19	3219.73	3249.75	3206.42	3230.12
2025.05.20	3230.75	3295.68	3204.57	3289.66
2025.05.21	3289.94	3324.84	3285.56	3315.11
2025.05.22	3316.05	3345.31	3279.37	3294.71
2025.05.23	3294.54	3365.87	3287.05	3357.9
2025.05.26	3353.88	3356.76	3323.52	3342.19
2025.05.27	3343.87	3349.77	3284.9	3300.56
2025.05.28	3301.03	3325.44	3276.94	3288.64
2025.05.29	3287.71	3331.23	3245.52	3317.56
2025.05.30	3318.43	3322.7	3271.82	3288.72
2025.06.02	3298.35	3382.92	3295.92	3381.6
2025.06.03	3382.82	3392.24	3333.2	3353.3
2025.06.04	3354.69	3384.65	3343.8	3372.6
2025.06.05	3373.4	3403.33	3339.61	3352.6
2025.06.06	3354.03	3375.6	3307.13	3312.12
2025.06.09	3314.04	3338.16	3293.61	3325.39
2025.06.10	3325.86	3349.08	3301.94	3322.4
2025.06.11	3322.21	3360.68	3315.53	3354.82
2025.06.12	3356.57	3398.77	3338.67	3386.66
2025.06.13	3386.01	3446.8	3379.81	3434.15
2025.06.16	3434.04	3451.23	3382.76	3385.14
2025.06.17	3386.26	3403.24	3366.15	3388.47
2025.06.18	3390.46	3400.01	3362.56	3369.15
2025.06.19	3369.58	3387.93	3347.65	3370.63
2025.06.20	3370.12	3374.51	3340.37	3368.64
2025.06.23	3392.44	3396.7	3347.12	3369.04
2025.06.24	3368.43	3369.94	3295.5	3322.81
2025.06.25	3324.71	3337.07	3311.98	3332.15
2025.06.26	3333.62	3350.28	3309.99	3327.76
2025.06.27	3327.61	3327.96	3255.89	3274.96
2025.06.30	3275.5	3309.41	3248.48	3302.92
2025.07.01	3303.4	3357.92	3302.38	3338.78
2025.07.02	3338.98	3360.1	3327.61	3356.93
2025.07.03	3358.07	3365.74	3311.69	3325.92
2025.07.04	3325.52	3344.18	3323.59	3337.04
2025.07.07	3335.92	3342.76	3296.45	3336.16
2025.07.08	3338.99	3345.76	3287.13	3301.48
2025.07.09	3302.39	3316.79	3282.77	3313.55
2025.07.10	3314.0	3330.25	3310.12	3323.85
2025.07.11	3324.18	3368.75	3321.78	3355.5
2025.07.14	3362.47	3374.92	3340.71	3343.26
2025.07.15	3344.06	3366.73	3320.25	3324.65
2025.07.16	3324.68	3377.48	3319.62	3346.99
2025.07.17	3350.79	3352.22	3309.9	3338.1
2025.07.18	3341.64	3361.24	3331.8	3350.85
2025.07.21	3350.01	3401.59	3345.0	3397.41
2025.07.22	3399.04	3433.53	3383.26	3429.58
2025.07.23	3430.9	3438.77	3381.52	3388.1
2025.07.24	3390.56	3393.35	3351.39	3367.5
2025.07.25	3369.25	3373.55	3325.08	3336.65
2025.07.28	3331.05	3345.2	3301.8	3314.78
2025.07.29	3314.18	3334.14	3307.94	3325.5
2025.07.30	3327.36	3334.05	3268.17	3275.86
2025.07.31	3277.45	3314.81	3276.45	3290.68
2025.08.01	3291.51	3363.45	3281.59	3363.23
2025.08.04	3362.95	3385.37	3345.07	3374.01
2025.08.05	3376.19	3390.38	3349.99	3380.47
2025.08.06	3381.14	3385.62	3358.24	3368.4
2025.08.07	3372.59	3401.81	3365.3	3395.84
2025.08.08	3402.94	3408.84	3376.62	3397.14
2025.08.11	3400.5	3401.85	3341.4	3342.29
2025.08.12	3344.31	3359.03	3331.13	3348.28
2025.08.13	3349.92	3370.76	3342.72	3355.97
2025.08.14	3357.05	3374.81	3329.85	3334.75
2025.08.15	3336.51	3348.67	3332.2	3336.08
2025.08.18	3335.35	3358.39	3323.62	3332.89
2025.08.19	3333.25	3345.29	3314.89	3315.6
2025.08.20	3316.47	3350.19	3311.55	3347.8
2025.08.21	3351.04	3352.06	3325.17	3338.44
2025.08.22	3339.94	3378.79	3321.44	3371.86
2025.08.25	3368.71	3376.22	3359.81	3365.73
2025.08.26	3366.56	3393.31	3351.29	3392.96
2025.08.27	3390.76	3398.81	3373.81	3397.38
2025.08.28	3398.01	3423.17	3384.6	3417.36
2025.08.29	3417.06	3453.88	3404.36	3448.16
2025.09.01	3445.94	3489.81	3437.12	3476.37
2025.09.02	3476.41	3540.17	3470.34	3534.4
2025.09.03	3532.61	3578.46	3526.3	3560.62
2025.09.04	3560.3	3564.19	3511.45	3545.39
2025.09.05	3545.44	3600.0	3539.79	3587.37
2025.09.08	3592.28	3646.35	3579.64	3636.76
2025.09.09	3636.12	3674.12	3626.05	3626.23
2025.09.10	3623.32	3657.57	3620.29	3640.55
2025.09.11	3641.94	3649.09	3613.51	3633.91
2025.09.12	3634.01	3656.63	3630.59	3642.6
2025.09.15	3644.63	3685.5	3626.69	3678.66
2025.09.16	3680.34	3703.06	3674.68	3689.69
2025.09.17	3689.32	3707.42	3646.21	3659.79
2025.09.18	3658.85	3672.9	3627.78	3644.31
2025.09.19	3643.47	3685.18	3632.16	3685.07
2025.09.22	3685.51	3748.74	3683.69	3746.63
2025.09.23	3745.27	3791.18	3737.02	3764.02
2025.09.24	3766.1	3779.21	3717.48	3735.85
2025.09.25	3737.02	3761.62	3721.97	3749.05
2025.09.26	3750.77	3783.8	3734.55	3760.53
2025.09.29	3758.57	3834.06	3757.78	3833.76
2025.09.30	3833.07	3871.66	3793.21	3858.23
2025.10.01	3858.58	3895.34	3853.35	3865.49
2025.10.02	3867.81	3896.82	3819.28	3856.19
2025.10.03	3855.72	3891.61	3838.11	3886.38
2025.10.06	3888.47	3969.82	3884.26	3960.95
2025.10.07	3959.12	3990.99	3940.96	3984.23
2025.10.08	3984.87	4059.25	3983.27	4041.33
2025.10.09	4040.24	4057.93	3944.81	3975.91
2025.10.10	3974.93	4022.28	3946.85	4012.37
2025.10.13	4003.2	4117.01	4003.2	4110.36
2025.10.14	4110.21	4179.6	4090.64	4142.09
2025.10.15	4143.59	4218.12	4140.73	4208.06
2025.10.16	4208.26	4330.39	4199.79	4325.87
2025.10.17	4329.76	4379.18	4186.45	4252.63
2025.10.20	4247.6	4381.53	4219.03	4356.25
2025.10.21	4353.87	4375.4	4080.66	4124.85
2025.10.22	4125.17	4161.26	4004.22	4098.33
2025.10.23	4096.07	4137.53	4066.19	4117.16
